model,arm,task,n,n_undirected,acc_base,acc_fixed,undirected_base,undirected_fixed,directed_base,directed_fixed
hf-deepseek-v3.1-novita,graph_as_code/native,bridges,100,100,0.0,1.0,0.0,1.0,,
hf-deepseek-v3.1-novita,graph_as_code/native,common_neighbor,100,100,1.0,1.0,1.0,1.0,,
hf-deepseek-v3.1-novita,graph_as_code/native,connected_component_number,100,100,1.0,1.0,1.0,1.0,,
hf-deepseek-v3.1-novita,graph_as_code/native,degree,100,93,1.0,1.0,1.0,1.0,1.0,1.0
hf-deepseek-v3.1-novita,graph_as_code/native,density,100,89,1.0,1.0,1.0,1.0,1.0,1.0
hf-deepseek-v3.1-novita,graph_as_code/native,diameter,100,96,0.89,1.0,0.8854166666666666,1.0,1.0,1.0
hf-deepseek-v3.1-novita,graph_as_code/native,edge_existence,100,95,1.0,1.0,1.0,1.0,1.0,1.0
hf-deepseek-v3.1-novita,graph_as_code/native,edge_number,100,87,1.0,1.0,1.0,1.0,1.0,1.0
hf-deepseek-v3.1-novita,graph_as_code/native,has_cycle,100,83,1.0,1.0,1.0,1.0,1.0,1.0
hf-deepseek-v3.1-novita,graph_as_code/native,neighbor,100,84,0.28,1.0,0.14285714285714285,1.0,1.0,1.0
hf-deepseek-v3.1-novita,graph_as_code/native,shortest_path,100,96,1.0,1.0,1.0,1.0,1.0,1.0
hf-deepseek-v3.1-novita,graph_as_code/native,triangles,100,100,1.0,1.0,1.0,1.0,,
hf-deepseek-v3.1-novita,graph_as_code/networkx,bridges,100,100,1.0,0.0,1.0,0.0,,
hf-deepseek-v3.1-novita,graph_as_code/networkx,common_neighbor,100,100,1.0,1.0,1.0,1.0,,
hf-deepseek-v3.1-novita,graph_as_code/networkx,connected_component_number,100,100,1.0,1.0,1.0,1.0,,
hf-deepseek-v3.1-novita,graph_as_code/networkx,degree,100,93,1.0,1.0,1.0,1.0,1.0,1.0
hf-deepseek-v3.1-novita,graph_as_code/networkx,density,100,89,1.0,1.0,1.0,1.0,1.0,1.0
hf-deepseek-v3.1-novita,graph_as_code/networkx,diameter,100,96,1.0,0.89,1.0,0.8854166666666666,1.0,1.0
hf-deepseek-v3.1-novita,graph_as_code/networkx,edge_existence,100,95,1.0,1.0,1.0,1.0,1.0,1.0
hf-deepseek-v3.1-novita,graph_as_code/networkx,edge_number,100,87,1.0,1.0,1.0,1.0,1.0,1.0
hf-deepseek-v3.1-novita,graph_as_code/networkx,has_cycle,100,83,0.53,1.0,0.43373493975903615,1.0,1.0,1.0
hf-deepseek-v3.1-novita,graph_as_code/networkx,neighbor,100,84,0.28,1.0,0.14285714285714285,1.0,1.0,1.0
hf-deepseek-v3.1-novita,graph_as_code/networkx,shortest_path,100,96,1.0,1.0,1.0,1.0,1.0,1.0
hf-deepseek-v3.1-novita,graph_as_code/networkx,triangles,100,100,1.0,0.99,1.0,0.99,,
hf-deepseek-v4-flash,graph_as_code/native,bridges,100,100,1.0,0.0,1.0,0.0,,
hf-deepseek-v4-flash,graph_as_code/native,common_neighbor,100,100,1.0,1.0,1.0,1.0,,
hf-deepseek-v4-flash,graph_as_code/native,connected_component_number,100,100,1.0,1.0,1.0,1.0,,
hf-deepseek-v4-flash,graph_as_code/native,degree,100,93,1.0,1.0,1.0,1.0,1.0,1.0
hf-deepseek-v4-flash,graph_as_code/native,density,100,89,1.0,0.96,1.0,1.0,1.0,0.6363636363636364
hf-deepseek-v4-flash,graph_as_code/native,diameter,100,96,1.0,1.0,1.0,1.0,1.0,1.0
hf-deepseek-v4-flash,graph_as_code/native,edge_existence,100,95,1.0,1.0,1.0,1.0,1.0,1.0
hf-deepseek-v4-flash,graph_as_code/native,edge_number,100,87,0.91,0.91,1.0,1.0,0.3076923076923077,0.3076923076923077
hf-deepseek-v4-flash,graph_as_code/native,has_cycle,100,83,1.0,1.0,1.0,1.0,1.0,1.0
hf-deepseek-v4-flash,graph_as_code/native,neighbor,100,84,0.28,1.0,0.14285714285714285,1.0,1.0,1.0
hf-deepseek-v4-flash,graph_as_code/native,shortest_path,100,96,1.0,1.0,1.0,1.0,1.0,1.0
hf-deepseek-v4-flash,graph_as_code/native,triangles,100,100,1.0,1.0,1.0,1.0,,
hf-deepseek-v4-flash,graph_as_code/networkx,bridges,100,100,1.0,1.0,1.0,1.0,,
hf-deepseek-v4-flash,graph_as_code/networkx,common_neighbor,100,100,1.0,1.0,1.0,1.0,,
hf-deepseek-v4-flash,graph_as_code/networkx,connected_component_number,100,100,1.0,1.0,1.0,1.0,,
hf-deepseek-v4-flash,graph_as_code/networkx,degree,100,93,0.98,0.98,1.0,1.0,0.7142857142857143,0.7142857142857143
hf-deepseek-v4-flash,graph_as_code/networkx,density,100,89,1.0,1.0,1.0,1.0,1.0,1.0
hf-deepseek-v4-flash,graph_as_code/networkx,diameter,100,96,1.0,1.0,1.0,1.0,1.0,1.0
hf-deepseek-v4-flash,graph_as_code/networkx,edge_existence,100,95,0.99,1.0,0.9894736842105263,1.0,1.0,1.0
hf-deepseek-v4-flash,graph_as_code/networkx,edge_number,100,87,1.0,0.91,1.0,1.0,1.0,0.3076923076923077
hf-deepseek-v4-flash,graph_as_code/networkx,has_cycle,100,83,1.0,1.0,1.0,1.0,1.0,1.0
hf-deepseek-v4-flash,graph_as_code/networkx,neighbor,100,84,0.28,1.0,0.14285714285714285,1.0,1.0,1.0
hf-deepseek-v4-flash,graph_as_code/networkx,shortest_path,100,96,1.0,1.0,1.0,1.0,1.0,1.0
hf-deepseek-v4-flash,graph_as_code/networkx,triangles,100,100,1.0,1.0,1.0,1.0,,
hf-gemma-4-31b,graph_as_code/native,bridges,100,100,1.0,1.0,1.0,1.0,,
hf-gemma-4-31b,graph_as_code/native,common_neighbor,100,100,1.0,1.0,1.0,1.0,,
hf-gemma-4-31b,graph_as_code/native,connected_component_number,100,100,1.0,1.0,1.0,1.0,,
hf-gemma-4-31b,graph_as_code/native,degree,100,93,1.0,1.0,1.0,1.0,1.0,1.0
hf-gemma-4-31b,graph_as_code/native,density,100,89,1.0,1.0,1.0,1.0,1.0,1.0
hf-gemma-4-31b,graph_as_code/native,diameter,100,96,1.0,1.0,1.0,1.0,1.0,1.0
hf-gemma-4-31b,graph_as_code/native,edge_existence,100,95,0.91,1.0,0.9052631578947369,1.0,1.0,1.0
hf-gemma-4-31b,graph_as_code/native,edge_number,100,87,1.0,1.0,1.0,1.0,1.0,1.0
hf-gemma-4-31b,graph_as_code/native,has_cycle,100,83,1.0,1.0,1.0,1.0,1.0,1.0
hf-gemma-4-31b,graph_as_code/native,neighbor,100,84,0.28,1.0,0.14285714285714285,1.0,1.0,1.0
hf-gemma-4-31b,graph_as_code/native,shortest_path,100,96,1.0,1.0,1.0,1.0,1.0,1.0
hf-gemma-4-31b,graph_as_code/native,triangles,100,100,1.0,1.0,1.0,1.0,,
hf-gemma-4-31b,graph_as_code/networkx,bridges,100,100,1.0,1.0,1.0,1.0,,
hf-gemma-4-31b,graph_as_code/networkx,common_neighbor,100,100,1.0,1.0,1.0,1.0,,
hf-gemma-4-31b,graph_as_code/networkx,connected_component_number,100,100,1.0,1.0,1.0,1.0,,
hf-gemma-4-31b,graph_as_code/networkx,degree,100,93,1.0,1.0,1.0,1.0,1.0,1.0
hf-gemma-4-31b,graph_as_code/networkx,density,100,89,1.0,1.0,1.0,1.0,1.0,1.0
hf-gemma-4-31b,graph_as_code/networkx,diameter,100,96,1.0,1.0,1.0,1.0,1.0,1.0
hf-gemma-4-31b,graph_as_code/networkx,edge_existence,100,95,0.82,1.0,0.8105263157894737,1.0,1.0,1.0
hf-gemma-4-31b,graph_as_code/networkx,edge_number,100,87,1.0,1.0,1.0,1.0,1.0,1.0
hf-gemma-4-31b,graph_as_code/networkx,has_cycle,100,83,1.0,1.0,1.0,1.0,1.0,1.0
hf-gemma-4-31b,graph_as_code/networkx,neighbor,100,84,0.28,1.0,0.14285714285714285,1.0,1.0,1.0
hf-gemma-4-31b,graph_as_code/networkx,shortest_path,100,96,1.0,1.0,1.0,1.0,1.0,1.0
hf-gemma-4-31b,graph_as_code/networkx,triangles,100,100,1.0,1.0,1.0,1.0,,
hf-qwen3-8b-nscale,graph_as_code/native,bridges,100,100,1.0,1.0,1.0,1.0,,
hf-qwen3-8b-nscale,graph_as_code/native,common_neighbor,100,100,1.0,1.0,1.0,1.0,,
hf-qwen3-8b-nscale,graph_as_code/native,connected_component_number,100,100,1.0,1.0,1.0,1.0,,
hf-qwen3-8b-nscale,graph_as_code/native,degree,100,93,1.0,1.0,1.0,1.0,1.0,1.0
hf-qwen3-8b-nscale,graph_as_code/native,density,100,89,1.0,1.0,1.0,1.0,1.0,1.0
hf-qwen3-8b-nscale,graph_as_code/native,diameter,100,96,1.0,1.0,1.0,1.0,1.0,1.0
hf-qwen3-8b-nscale,graph_as_code/native,edge_existence,100,95,1.0,1.0,1.0,1.0,1.0,1.0
hf-qwen3-8b-nscale,graph_as_code/native,edge_number,100,87,1.0,1.0,1.0,1.0,1.0,1.0
hf-qwen3-8b-nscale,graph_as_code/native,has_cycle,100,83,0.97,0.97,0.963855421686747,0.963855421686747,1.0,1.0
hf-qwen3-8b-nscale,graph_as_code/native,neighbor,100,84,0.28,1.0,0.14285714285714285,1.0,1.0,1.0
hf-qwen3-8b-nscale,graph_as_code/native,shortest_path,100,96,1.0,1.0,1.0,1.0,1.0,1.0
hf-qwen3-8b-nscale,graph_as_code/native,triangles,100,100,1.0,0.93,1.0,0.93,,
hf-qwen3-8b-nscale,graph_as_code/networkx,bridges,100,100,1.0,1.0,1.0,1.0,,
hf-qwen3-8b-nscale,graph_as_code/networkx,common_neighbor,100,100,0.0,0.0,0.0,0.0,,
hf-qwen3-8b-nscale,graph_as_code/networkx,connected_component_number,100,100,0.0,0.0,0.0,0.0,,
hf-qwen3-8b-nscale,graph_as_code/networkx,degree,100,93,1.0,1.0,1.0,1.0,1.0,1.0
hf-qwen3-8b-nscale,graph_as_code/networkx,density,100,89,1.0,1.0,1.0,1.0,1.0,1.0
hf-qwen3-8b-nscale,graph_as_code/networkx,diameter,100,96,0.0,0.0,0.0,0.0,0.0,0.0
hf-qwen3-8b-nscale,graph_as_code/networkx,edge_existence,100,95,1.0,1.0,1.0,1.0,1.0,1.0
hf-qwen3-8b-nscale,graph_as_code/networkx,edge_number,100,87,1.0,1.0,1.0,1.0,1.0,1.0
hf-qwen3-8b-nscale,graph_as_code/networkx,has_cycle,100,83,0.0,0.0,0.0,0.0,0.0,0.0
hf-qwen3-8b-nscale,graph_as_code/networkx,neighbor,100,84,0.28,1.0,0.14285714285714285,1.0,1.0,1.0
hf-qwen3-8b-nscale,graph_as_code/networkx,shortest_path,100,96,1.0,1.0,1.0,1.0,1.0,1.0
hf-qwen3-8b-nscale,graph_as_code/networkx,triangles,100,100,1.0,1.0,1.0,1.0,,
