model,library,axis,I_base,I_fixed,I_delta,R_base,R_fixed,R_delta
hf-deepseek-v3.1-novita,native,order,0.8691666666666666,0.9583333333333334,0.08916666666666673,0.8450000000000001,1.0,0.15499999999999992
hf-deepseek-v3.1-novita,native,relabel,0.8583333333333334,0.9541666666666666,0.09583333333333321,0.8416666666666667,1.0,0.15833333333333333
hf-deepseek-v3.1-novita,native,structure,0.9166666666666666,1.0,0.08333333333333337,0.8475,1.0,0.15249999999999997
hf-deepseek-v3.1-novita,native,syntax,0.9166666666666666,1.0,0.08333333333333337,0.8475,1.0,0.15249999999999997
hf-deepseek-v3.1-novita,networkx,order,0.9608333333333333,0.87,-0.09083333333333332,0.9008333333333334,0.9041666666666667,0.0033333333333332993
hf-deepseek-v3.1-novita,networkx,relabel,0.9500000000000001,0.855,-0.09500000000000008,0.8966666666666666,0.8975,0.0008333333333333526
hf-deepseek-v3.1-novita,networkx,structure,1.0,0.9158333333333334,-0.08416666666666661,0.9008333333333334,0.9066666666666667,0.005833333333333357
hf-deepseek-v3.1-novita,networkx,syntax,1.0,0.9158333333333334,-0.08416666666666661,0.9008333333333334,0.9066666666666667,0.005833333333333357
hf-deepseek-v4-flash,native,order,0.9583333333333334,0.875,-0.08333333333333337,0.9325,0.9058333333333334,-0.026666666666666616
hf-deepseek-v4-flash,native,relabel,0.9541666666666666,0.8708333333333332,-0.08333333333333337,0.9325,0.9058333333333334,-0.026666666666666616
hf-deepseek-v4-flash,native,structure,1.0,0.9166666666666666,-0.08333333333333337,0.9325,0.9058333333333334,-0.026666666666666616
hf-deepseek-v4-flash,native,syntax,1.0,0.9166666666666666,-0.08333333333333337,0.9325,0.9058333333333334,-0.026666666666666616
hf-deepseek-v4-flash,networkx,order,0.96,0.9608333333333333,0.0008333333333333526,0.9375,0.9908333333333333,0.053333333333333344
hf-deepseek-v4-flash,networkx,relabel,0.9491666666666667,0.9541666666666666,0.004999999999999893,0.935,0.9908333333333333,0.05583333333333329
hf-deepseek-v4-flash,networkx,structure,0.9991666666666666,1.0,0.0008333333333333526,0.9375,0.9908333333333333,0.053333333333333344
hf-deepseek-v4-flash,networkx,syntax,0.9991666666666666,1.0,0.0008333333333333526,0.9375,0.9908333333333333,0.053333333333333344
hf-gemma-4-31b,native,order,0.9583333333333334,0.9583333333333334,0.0,0.9325,1.0,0.0675
hf-gemma-4-31b,native,relabel,0.9383333333333334,0.9541666666666666,0.015833333333333255,0.9233333333333333,1.0,0.07666666666666666
hf-gemma-4-31b,native,structure,1.0,1.0,0.0,0.9325,1.0,0.0675
hf-gemma-4-31b,native,syntax,1.0,1.0,0.0,0.9325,1.0,0.0675
hf-gemma-4-31b,networkx,order,0.9608333333333333,0.9608333333333333,0.0,0.9249999999999999,1.0,0.07500000000000007
hf-gemma-4-31b,networkx,relabel,0.9375,0.9541666666666666,0.016666666666666607,0.9199999999999999,1.0,0.08000000000000007
hf-gemma-4-31b,networkx,structure,1.0,1.0,0.0,0.9249999999999999,1.0,0.07500000000000007
hf-gemma-4-31b,networkx,syntax,1.0,1.0,0.0,0.9249999999999999,1.0,0.07500000000000007
hf-qwen3-8b-nscale,native,order,0.9583333333333334,0.9583333333333334,0.0,0.9375,0.9916666666666667,0.054166666666666696
hf-qwen3-8b-nscale,native,relabel,0.9500000000000001,0.9375,-0.012500000000000067,0.935,0.9824999999999999,0.047499999999999876
hf-qwen3-8b-nscale,native,structure,1.0,1.0,0.0,0.9375,0.9916666666666667,0.054166666666666696
hf-qwen3-8b-nscale,native,syntax,1.0,1.0,0.0,0.9375,0.9916666666666667,0.054166666666666696
hf-qwen3-8b-nscale,networkx,order,0.6275000000000001,0.6275000000000001,0.0,0.6066666666666667,0.6666666666666666,0.05999999999999994
hf-qwen3-8b-nscale,networkx,relabel,0.6208333333333333,0.6208333333333333,0.0,0.6066666666666667,0.6666666666666666,0.05999999999999994
hf-qwen3-8b-nscale,networkx,structure,0.6666666666666666,0.6666666666666666,0.0,0.6066666666666667,0.6666666666666666,0.05999999999999994
hf-qwen3-8b-nscale,networkx,syntax,0.6666666666666666,0.6666666666666666,0.0,0.6066666666666667,0.6666666666666666,0.05999999999999994
