model,library,task,m3_base,m3_fixed,m2_code,gap_base,gap_fixed
hf-deepseek-v3.1-novita,native,bridges,0.0,1.0,0.99,0.99,-0.010000000000000009
hf-deepseek-v3.1-novita,native,common_neighbor,1.0,1.0,1.0,0.0,0.0
hf-deepseek-v3.1-novita,native,connected_component_number,1.0,1.0,1.0,0.0,0.0
hf-deepseek-v3.1-novita,native,degree,1.0,1.0,1.0,0.0,0.0
hf-deepseek-v3.1-novita,native,density,1.0,1.0,1.0,0.0,0.0
hf-deepseek-v3.1-novita,native,diameter,0.89,1.0,0.99,0.09999999999999998,-0.010000000000000009
hf-deepseek-v3.1-novita,native,edge_existence,1.0,1.0,1.0,0.0,0.0
hf-deepseek-v3.1-novita,native,edge_number,1.0,1.0,1.0,0.0,0.0
hf-deepseek-v3.1-novita,native,has_cycle,1.0,1.0,1.0,0.0,0.0
hf-deepseek-v3.1-novita,native,neighbor,0.28,1.0,1.0,0.72,0.0
hf-deepseek-v3.1-novita,native,shortest_path,1.0,1.0,1.0,0.0,0.0
hf-deepseek-v3.1-novita,native,triangles,1.0,1.0,1.0,0.0,0.0
hf-deepseek-v3.1-novita,networkx,bridges,1.0,0.0,0.99,-0.010000000000000009,0.99
hf-deepseek-v3.1-novita,networkx,common_neighbor,1.0,1.0,1.0,0.0,0.0
hf-deepseek-v3.1-novita,networkx,connected_component_number,1.0,1.0,1.0,0.0,0.0
hf-deepseek-v3.1-novita,networkx,degree,1.0,1.0,1.0,0.0,0.0
hf-deepseek-v3.1-novita,networkx,density,1.0,1.0,1.0,0.0,0.0
hf-deepseek-v3.1-novita,networkx,diameter,1.0,0.89,0.99,-0.010000000000000009,0.09999999999999998
hf-deepseek-v3.1-novita,networkx,edge_existence,1.0,1.0,1.0,0.0,0.0
hf-deepseek-v3.1-novita,networkx,edge_number,1.0,1.0,1.0,0.0,0.0
hf-deepseek-v3.1-novita,networkx,has_cycle,0.53,1.0,0.95,0.41999999999999993,-0.050000000000000044
hf-deepseek-v3.1-novita,networkx,neighbor,0.28,1.0,1.0,0.72,0.0
hf-deepseek-v3.1-novita,networkx,shortest_path,1.0,1.0,1.0,0.0,0.0
hf-deepseek-v3.1-novita,networkx,triangles,1.0,0.99,0.97,-0.030000000000000027,-0.020000000000000018
hf-deepseek-v4-flash,native,bridges,1.0,0.0,0.9,-0.09999999999999998,0.9
hf-deepseek-v4-flash,native,common_neighbor,1.0,1.0,1.0,0.0,0.0
hf-deepseek-v4-flash,native,connected_component_number,1.0,1.0,1.0,0.0,0.0
hf-deepseek-v4-flash,native,degree,1.0,1.0,0.98,-0.020000000000000018,-0.020000000000000018
hf-deepseek-v4-flash,native,density,1.0,0.96,1.0,0.0,0.040000000000000036
hf-deepseek-v4-flash,native,diameter,1.0,1.0,0.97,-0.030000000000000027,-0.030000000000000027
hf-deepseek-v4-flash,native,edge_existence,1.0,1.0,1.0,0.0,0.0
hf-deepseek-v4-flash,native,edge_number,0.91,0.91,0.92,0.010000000000000009,0.010000000000000009
hf-deepseek-v4-flash,native,has_cycle,1.0,1.0,1.0,0.0,0.0
hf-deepseek-v4-flash,native,neighbor,0.28,1.0,1.0,0.72,0.0
hf-deepseek-v4-flash,native,shortest_path,1.0,1.0,1.0,0.0,0.0
hf-deepseek-v4-flash,native,triangles,1.0,1.0,1.0,0.0,0.0
hf-deepseek-v4-flash,networkx,bridges,1.0,1.0,1.0,0.0,0.0
hf-deepseek-v4-flash,networkx,common_neighbor,1.0,1.0,1.0,0.0,0.0
hf-deepseek-v4-flash,networkx,connected_component_number,1.0,1.0,1.0,0.0,0.0
hf-deepseek-v4-flash,networkx,degree,0.98,0.98,0.98,0.0,0.0
hf-deepseek-v4-flash,networkx,density,1.0,1.0,1.0,0.0,0.0
hf-deepseek-v4-flash,networkx,diameter,1.0,1.0,1.0,0.0,0.0
hf-deepseek-v4-flash,networkx,edge_existence,0.99,1.0,1.0,0.010000000000000009,0.0
hf-deepseek-v4-flash,networkx,edge_number,1.0,0.91,0.93,-0.06999999999999995,0.020000000000000018
hf-deepseek-v4-flash,networkx,has_cycle,1.0,1.0,1.0,0.0,0.0
hf-deepseek-v4-flash,networkx,neighbor,0.28,1.0,1.0,0.72,0.0
hf-deepseek-v4-flash,networkx,shortest_path,1.0,1.0,1.0,0.0,0.0
hf-deepseek-v4-flash,networkx,triangles,1.0,1.0,1.0,0.0,0.0
hf-gemma-4-31b,native,bridges,1.0,1.0,1.0,0.0,0.0
hf-gemma-4-31b,native,common_neighbor,1.0,1.0,1.0,0.0,0.0
hf-gemma-4-31b,native,connected_component_number,1.0,1.0,1.0,0.0,0.0
hf-gemma-4-31b,native,degree,1.0,1.0,1.0,0.0,0.0
hf-gemma-4-31b,native,density,1.0,1.0,1.0,0.0,0.0
hf-gemma-4-31b,native,diameter,1.0,1.0,1.0,0.0,0.0
hf-gemma-4-31b,native,edge_existence,0.91,1.0,1.0,0.08999999999999997,0.0
hf-gemma-4-31b,native,edge_number,1.0,1.0,1.0,0.0,0.0
hf-gemma-4-31b,native,has_cycle,1.0,1.0,1.0,0.0,0.0
hf-gemma-4-31b,native,neighbor,0.28,1.0,1.0,0.72,0.0
hf-gemma-4-31b,native,shortest_path,1.0,1.0,1.0,0.0,0.0
hf-gemma-4-31b,native,triangles,1.0,1.0,1.0,0.0,0.0
hf-gemma-4-31b,networkx,bridges,1.0,1.0,1.0,0.0,0.0
hf-gemma-4-31b,networkx,common_neighbor,1.0,1.0,1.0,0.0,0.0
hf-gemma-4-31b,networkx,connected_component_number,1.0,1.0,1.0,0.0,0.0
hf-gemma-4-31b,networkx,degree,1.0,1.0,1.0,0.0,0.0
hf-gemma-4-31b,networkx,density,1.0,1.0,1.0,0.0,0.0
hf-gemma-4-31b,networkx,diameter,1.0,1.0,1.0,0.0,0.0
hf-gemma-4-31b,networkx,edge_existence,0.82,1.0,1.0,0.18000000000000005,0.0
hf-gemma-4-31b,networkx,edge_number,1.0,1.0,1.0,0.0,0.0
hf-gemma-4-31b,networkx,has_cycle,1.0,1.0,1.0,0.0,0.0
hf-gemma-4-31b,networkx,neighbor,0.28,1.0,1.0,0.72,0.0
hf-gemma-4-31b,networkx,shortest_path,1.0,1.0,1.0,0.0,0.0
hf-gemma-4-31b,networkx,triangles,1.0,1.0,1.0,0.0,0.0
hf-qwen3-8b-nscale,native,bridges,1.0,1.0,1.0,0.0,0.0
hf-qwen3-8b-nscale,native,common_neighbor,1.0,1.0,0.99,-0.010000000000000009,-0.010000000000000009
hf-qwen3-8b-nscale,native,connected_component_number,1.0,1.0,1.0,0.0,0.0
hf-qwen3-8b-nscale,native,degree,1.0,1.0,0.96,-0.040000000000000036,-0.040000000000000036
hf-qwen3-8b-nscale,native,density,1.0,1.0,1.0,0.0,0.0
hf-qwen3-8b-nscale,native,diameter,1.0,1.0,0.96,-0.040000000000000036,-0.040000000000000036
hf-qwen3-8b-nscale,native,edge_existence,1.0,1.0,0.98,-0.020000000000000018,-0.020000000000000018
hf-qwen3-8b-nscale,native,edge_number,1.0,1.0,0.92,-0.07999999999999996,-0.07999999999999996
hf-qwen3-8b-nscale,native,has_cycle,0.97,0.97,1.0,0.030000000000000027,0.030000000000000027
hf-qwen3-8b-nscale,native,neighbor,0.28,1.0,0.62,0.33999999999999997,-0.38
hf-qwen3-8b-nscale,native,shortest_path,1.0,1.0,1.0,0.0,0.0
hf-qwen3-8b-nscale,native,triangles,1.0,0.93,0.97,-0.030000000000000027,0.039999999999999925
hf-qwen3-8b-nscale,networkx,bridges,1.0,1.0,1.0,0.0,0.0
hf-qwen3-8b-nscale,networkx,common_neighbor,0.0,0.0,0.45,0.45,0.45
hf-qwen3-8b-nscale,networkx,connected_component_number,0.0,0.0,0.0,0.0,0.0
hf-qwen3-8b-nscale,networkx,degree,1.0,1.0,0.97,-0.030000000000000027,-0.030000000000000027
hf-qwen3-8b-nscale,networkx,density,1.0,1.0,1.0,0.0,0.0
hf-qwen3-8b-nscale,networkx,diameter,0.0,0.0,0.0,0.0,0.0
hf-qwen3-8b-nscale,networkx,edge_existence,1.0,1.0,0.98,-0.020000000000000018,-0.020000000000000018
hf-qwen3-8b-nscale,networkx,edge_number,1.0,1.0,0.97,-0.030000000000000027,-0.030000000000000027
hf-qwen3-8b-nscale,networkx,has_cycle,0.0,0.0,0.77,0.77,0.77
hf-qwen3-8b-nscale,networkx,neighbor,0.28,1.0,0.96,0.6799999999999999,-0.040000000000000036
hf-qwen3-8b-nscale,networkx,shortest_path,1.0,1.0,1.0,0.0,0.0
hf-qwen3-8b-nscale,networkx,triangles,1.0,1.0,0.69,-0.31000000000000005,-0.31000000000000005
