dataset,mode,library,axis,model,execution,logic,n_failures
graphqa,code,native,canonical,hf-gemma-4-31b,0.0,1.0,16
graphqa,code,native,order,hf-gemma-4-31b,0.0,1.0,49
graphqa,code,native,relabel,hf-gemma-4-31b,0.0,1.0,76
graphqa,code,native,structure,hf-gemma-4-31b,0.0,1.0,42
graphqa,code,native,syntax,hf-gemma-4-31b,0.0,1.0,64
graphqa,code,networkx,canonical,hf-gemma-4-31b,0.0,1.0,18
graphqa,code,networkx,order,hf-gemma-4-31b,0.02,0.98,49
graphqa,code,networkx,relabel,hf-gemma-4-31b,0.012,0.988,85
graphqa,code,networkx,structure,hf-gemma-4-31b,0.0,1.0,40
graphqa,code,networkx,syntax,hf-gemma-4-31b,0.0,1.0,73
graphqa,graph_as_code,native,canonical,hf-gemma-4-31b,0.0,1.0,22
graphqa,graph_as_code,native,order,hf-gemma-4-31b,0.017,0.983,59
graphqa,graph_as_code,native,relabel,hf-gemma-4-31b,0.012,0.988,80
graphqa,graph_as_code,native,structure,hf-gemma-4-31b,0.0,1.0,44
graphqa,graph_as_code,native,syntax,hf-gemma-4-31b,0.0,1.0,66
graphqa,graph_as_code,networkx,relabel,hf-gemma-4-31b,1.0,0.0,1
