model,arm,task,form,n,acc_base,acc_hint,delta,ci_low,ci_high
hf-deepseek-v3.1-novita,code/native,connected_nodes,adjacency,100,0.95,1.0,0.05,0.01,0.1
hf-deepseek-v3.1-novita,code/native,connected_nodes,canonical,100,0.99,0.99,0.0,0.0,0.0
hf-deepseek-v3.1-novita,code/native,connected_nodes,reciprocal,100,1.0,1.0,0.0,0.0,0.0
hf-deepseek-v3.1-novita,code/native,cycle_check,adjacency,100,1.0,1.0,0.0,0.0,0.0
hf-deepseek-v3.1-novita,code/native,cycle_check,canonical,100,1.0,0.99,-0.01,-0.03,0.0
hf-deepseek-v3.1-novita,code/native,cycle_check,reciprocal,100,0.99,1.0,0.01,0.0,0.03
hf-deepseek-v3.1-novita,code/native,disconnected_nodes,adjacency,100,0.11,0.13,0.02,0.0,0.05
hf-deepseek-v3.1-novita,code/native,disconnected_nodes,canonical,100,0.11,0.11,0.0,0.0,0.0
hf-deepseek-v3.1-novita,code/native,disconnected_nodes,reciprocal,100,0.13,0.12,-0.01,-0.03,0.0
hf-deepseek-v3.1-novita,code/native,edge_count,adjacency,100,0.99,1.0,0.01,0.0,0.03
hf-deepseek-v3.1-novita,code/native,edge_count,canonical,100,1.0,1.0,0.0,0.0,0.0
hf-deepseek-v3.1-novita,code/native,edge_count,reciprocal,100,1.0,1.0,0.0,0.0,0.0
hf-deepseek-v3.1-novita,code/native,edge_existence,adjacency,100,1.0,0.99,-0.01,-0.03,0.0
hf-deepseek-v3.1-novita,code/native,edge_existence,canonical,100,1.0,1.0,0.0,0.0,0.0
hf-deepseek-v3.1-novita,code/native,edge_existence,reciprocal,100,1.0,1.0,0.0,0.0,0.0
hf-deepseek-v3.1-novita,code/native,node_count,adjacency,100,1.0,1.0,0.0,0.0,0.0
hf-deepseek-v3.1-novita,code/native,node_count,canonical,100,1.0,1.0,0.0,0.0,0.0
hf-deepseek-v3.1-novita,code/native,node_count,reciprocal,100,1.0,1.0,0.0,0.0,0.0
hf-deepseek-v3.1-novita,code/native,node_degree,adjacency,100,0.34,1.0,0.66,0.57,0.75
hf-deepseek-v3.1-novita,code/native,node_degree,canonical,100,1.0,1.0,0.0,0.0,0.0
hf-deepseek-v3.1-novita,code/native,node_degree,reciprocal,100,0.19,1.0,0.81,0.73,0.88
hf-deepseek-v3.1-novita,code/networkx,connected_nodes,adjacency,100,1.0,1.0,0.0,0.0,0.0
hf-deepseek-v3.1-novita,code/networkx,connected_nodes,canonical,100,1.0,1.0,0.0,0.0,0.0
hf-deepseek-v3.1-novita,code/networkx,connected_nodes,reciprocal,100,0.99,1.0,0.01,0.0,0.03
hf-deepseek-v3.1-novita,code/networkx,cycle_check,adjacency,100,0.92,0.98,0.06,0.02,0.11
hf-deepseek-v3.1-novita,code/networkx,cycle_check,canonical,100,0.89,0.98,0.09,0.03,0.15
hf-deepseek-v3.1-novita,code/networkx,cycle_check,reciprocal,100,0.99,1.0,0.01,0.0,0.03
hf-deepseek-v3.1-novita,code/networkx,disconnected_nodes,adjacency,100,0.11,0.12,0.01,0.0,0.03
hf-deepseek-v3.1-novita,code/networkx,disconnected_nodes,canonical,100,0.12,0.11,-0.01,-0.03,0.0
hf-deepseek-v3.1-novita,code/networkx,disconnected_nodes,reciprocal,100,0.11,0.13,0.02,0.0,0.05
hf-deepseek-v3.1-novita,code/networkx,edge_count,adjacency,100,0.99,0.98,-0.01,-0.04,0.02
hf-deepseek-v3.1-novita,code/networkx,edge_count,canonical,100,1.0,1.0,0.0,0.0,0.0
hf-deepseek-v3.1-novita,code/networkx,edge_count,reciprocal,100,1.0,1.0,0.0,0.0,0.0
hf-deepseek-v3.1-novita,code/networkx,edge_existence,adjacency,100,1.0,1.0,0.0,0.0,0.0
hf-deepseek-v3.1-novita,code/networkx,edge_existence,canonical,100,1.0,1.0,0.0,0.0,0.0
hf-deepseek-v3.1-novita,code/networkx,edge_existence,reciprocal,100,1.0,1.0,0.0,0.0,0.0
hf-deepseek-v3.1-novita,code/networkx,node_count,adjacency,100,1.0,1.0,0.0,0.0,0.0
hf-deepseek-v3.1-novita,code/networkx,node_count,canonical,100,1.0,1.0,0.0,0.0,0.0
hf-deepseek-v3.1-novita,code/networkx,node_count,reciprocal,100,1.0,0.99,-0.01,-0.03,0.0
hf-deepseek-v3.1-novita,code/networkx,node_degree,adjacency,100,1.0,1.0,0.0,0.0,0.0
hf-deepseek-v3.1-novita,code/networkx,node_degree,canonical,100,1.0,1.0,0.0,0.0,0.0
hf-deepseek-v3.1-novita,code/networkx,node_degree,reciprocal,100,1.0,1.0,0.0,0.0,0.0
hf-qwen3-8b-nscale,code/native,connected_nodes,adjacency,100,0.21,0.95,0.74,0.65,0.82
hf-qwen3-8b-nscale,code/native,connected_nodes,canonical,100,0.99,0.99,0.0,0.0,0.0
hf-qwen3-8b-nscale,code/native,connected_nodes,reciprocal,100,0.11,0.99,0.88,0.81,0.94
hf-qwen3-8b-nscale,code/native,cycle_check,adjacency,100,0.89,0.9,0.01,-0.06,0.08
hf-qwen3-8b-nscale,code/native,cycle_check,canonical,100,0.99,0.99,0.0,0.0,0.0
hf-qwen3-8b-nscale,code/native,cycle_check,reciprocal,100,0.79,0.97,0.18,0.11,0.26
hf-qwen3-8b-nscale,code/native,disconnected_nodes,adjacency,100,0.94,0.66,-0.28,-0.37,-0.19
hf-qwen3-8b-nscale,code/native,disconnected_nodes,canonical,100,0.93,0.83,-0.1,-0.16,-0.05
hf-qwen3-8b-nscale,code/native,disconnected_nodes,reciprocal,100,0.96,0.77,-0.19,-0.28,-0.11
hf-qwen3-8b-nscale,code/native,edge_count,adjacency,100,0.61,0.79,0.18,0.07,0.29
hf-qwen3-8b-nscale,code/native,edge_count,canonical,100,0.98,0.98,0.0,0.0,0.0
hf-qwen3-8b-nscale,code/native,edge_count,reciprocal,100,0.83,0.99,0.16,0.09,0.23
hf-qwen3-8b-nscale,code/native,edge_existence,adjacency,100,0.97,0.84,-0.13,-0.21,-0.06
hf-qwen3-8b-nscale,code/native,edge_existence,canonical,100,0.94,0.92,-0.02,-0.1,0.05
hf-qwen3-8b-nscale,code/native,edge_existence,reciprocal,100,0.99,0.87,-0.12,-0.19,-0.05
hf-qwen3-8b-nscale,code/native,node_count,adjacency,100,1.0,0.98,-0.02,-0.05,0.0
hf-qwen3-8b-nscale,code/native,node_count,canonical,100,1.0,0.99,-0.01,-0.03,0.0
hf-qwen3-8b-nscale,code/native,node_count,reciprocal,100,1.0,1.0,0.0,0.0,0.0
hf-qwen3-8b-nscale,code/native,node_degree,adjacency,100,0.17,0.87,0.7,0.6,0.79
hf-qwen3-8b-nscale,code/native,node_degree,canonical,100,0.99,0.86,-0.13,-0.2,-0.07
hf-qwen3-8b-nscale,code/native,node_degree,reciprocal,100,0.05,0.87,0.82,0.74,0.89
hf-qwen3-8b-nscale,code/networkx,connected_nodes,adjacency,100,0.95,0.94,-0.01,-0.05,0.03
hf-qwen3-8b-nscale,code/networkx,connected_nodes,canonical,100,0.99,0.99,0.0,0.0,0.0
hf-qwen3-8b-nscale,code/networkx,connected_nodes,reciprocal,100,0.99,0.99,0.0,0.0,0.0
hf-qwen3-8b-nscale,code/networkx,cycle_check,adjacency,100,0.72,0.83,0.11,0.0,0.22
hf-qwen3-8b-nscale,code/networkx,cycle_check,canonical,100,0.93,0.7,-0.23,-0.31,-0.15
hf-qwen3-8b-nscale,code/networkx,cycle_check,reciprocal,100,0.79,0.8,0.01,-0.1,0.12
hf-qwen3-8b-nscale,code/networkx,disconnected_nodes,adjacency,100,0.9,0.86,-0.04,-0.11,0.02
hf-qwen3-8b-nscale,code/networkx,disconnected_nodes,canonical,100,0.46,0.32,-0.14,-0.24,-0.04
hf-qwen3-8b-nscale,code/networkx,disconnected_nodes,reciprocal,100,0.6,0.64,0.04,-0.07,0.15
hf-qwen3-8b-nscale,code/networkx,edge_count,adjacency,100,0.84,0.83,-0.01,-0.08,0.07
hf-qwen3-8b-nscale,code/networkx,edge_count,canonical,100,0.98,0.96,-0.02,-0.05,0.0
hf-qwen3-8b-nscale,code/networkx,edge_count,reciprocal,100,0.94,0.98,0.04,-0.01,0.09
hf-qwen3-8b-nscale,code/networkx,edge_existence,adjacency,100,0.99,1.0,0.01,0.0,0.03
hf-qwen3-8b-nscale,code/networkx,edge_existence,canonical,100,1.0,1.0,0.0,0.0,0.0
hf-qwen3-8b-nscale,code/networkx,edge_existence,reciprocal,100,1.0,1.0,0.0,0.0,0.0
hf-qwen3-8b-nscale,code/networkx,node_count,adjacency,100,1.0,0.98,-0.02,-0.05,0.0
hf-qwen3-8b-nscale,code/networkx,node_count,canonical,100,1.0,0.98,-0.02,-0.05,0.0
hf-qwen3-8b-nscale,code/networkx,node_count,reciprocal,100,1.0,0.99,-0.01,-0.03,0.0
hf-qwen3-8b-nscale,code/networkx,node_degree,adjacency,100,0.98,0.96,-0.02,-0.06,0.02
hf-qwen3-8b-nscale,code/networkx,node_degree,canonical,100,0.95,0.95,0.0,0.0,0.0
hf-qwen3-8b-nscale,code/networkx,node_degree,reciprocal,100,0.97,0.96,-0.01,-0.03,0.0
