dataset,mode,library,axis,model,construction,execution,logic,n_failures
erdos,graph_as_code,native,canonical,hf-deepseek-v4-flash,0.0,0.885,0.115,113
erdos,graph_as_code,native,canonical,hf-qwen3-8b-nscale,0.0,0.0,1.0,10
erdos,graph_as_code,native,order,hf-deepseek-v4-flash,0.0,0.887,0.113,335
erdos,graph_as_code,native,order,hf-qwen3-8b-nscale,0.0,0.0,1.0,30
erdos,graph_as_code,native,relabel,hf-deepseek-v4-flash,0.0,0.885,0.115,452
erdos,graph_as_code,native,relabel,hf-qwen3-8b-nscale,0.0,0.069,0.931,29
erdos,graph_as_code,native,structure,hf-deepseek-v4-flash,0.0,0.939,0.061,213
erdos,graph_as_code,native,structure,hf-qwen3-8b-nscale,0.0,0.0,1.0,20
erdos,graph_as_code,native,syntax,hf-deepseek-v4-flash,0.0,0.885,0.115,226
erdos,graph_as_code,native,syntax,hf-qwen3-8b-nscale,0.0,0.0,1.0,20
erdos,graph_as_code,networkx,canonical,hf-deepseek-v3.1-novita,0.0,0.902,0.098,112
erdos,graph_as_code,networkx,canonical,hf-deepseek-v4-flash,0.091,0.0,0.909,11
erdos,graph_as_code,networkx,canonical,hf-qwen3-8b-nscale,0.0,1.0,0.0,400
erdos,graph_as_code,networkx,order,hf-deepseek-v3.1-novita,0.0,0.898,0.102,334
erdos,graph_as_code,networkx,order,hf-deepseek-v4-flash,0.091,0.0,0.909,33
erdos,graph_as_code,networkx,order,hf-qwen3-8b-nscale,0.0,1.0,0.0,1169
erdos,graph_as_code,networkx,relabel,hf-deepseek-v3.1-novita,0.0,0.915,0.085,445
erdos,graph_as_code,networkx,relabel,hf-deepseek-v4-flash,0.068,0.0,0.932,44
erdos,graph_as_code,networkx,relabel,hf-qwen3-8b-nscale,0.0,1.0,0.0,1600
erdos,graph_as_code,networkx,structure,hf-deepseek-v3.1-novita,0.0,0.902,0.098,224
erdos,graph_as_code,networkx,structure,hf-deepseek-v4-flash,0.091,0.0,0.909,11
erdos,graph_as_code,networkx,structure,hf-qwen3-8b-nscale,0.0,1.0,0.0,779
erdos,graph_as_code,networkx,syntax,hf-deepseek-v3.1-novita,0.0,0.902,0.098,224
erdos,graph_as_code,networkx,syntax,hf-deepseek-v4-flash,0.091,0.0,0.909,22
erdos,graph_as_code,networkx,syntax,hf-qwen3-8b-nscale,0.0,1.0,0.0,800
