dataset,task,mode,library,axis,model,accuracy,n,n_calls
graphqa,connected_nodes,code,native,canonical,hf-qwen3-8b-nscale,0.99,100,100
graphqa,connected_nodes,code,native,order,hf-qwen3-8b-nscale,1.0,273,272
graphqa,connected_nodes,code,native,relabel,hf-qwen3-8b-nscale,0.99,400,396
graphqa,connected_nodes,code,native,structure,hf-qwen3-8b-nscale,0.16,200,200
graphqa,connected_nodes,code,native,syntax,hf-qwen3-8b-nscale,1.0,300,300
graphqa,connected_nodes,code,networkx,canonical,hf-qwen3-8b-nscale,0.99,100,100
graphqa,connected_nodes,code,networkx,order,hf-qwen3-8b-nscale,1.0,273,272
graphqa,connected_nodes,code,networkx,relabel,hf-qwen3-8b-nscale,0.99,400,396
graphqa,connected_nodes,code,networkx,structure,hf-qwen3-8b-nscale,0.97,200,200
graphqa,connected_nodes,code,networkx,syntax,hf-qwen3-8b-nscale,0.76,300,300
graphqa,connected_nodes,direct,-,canonical,hf-qwen3-8b-nscale,0.93,100,100
graphqa,connected_nodes,direct,-,order,hf-qwen3-8b-nscale,0.8644688644688645,273,272
graphqa,connected_nodes,direct,-,relabel,hf-qwen3-8b-nscale,0.8525,400,396
graphqa,connected_nodes,direct,-,structure,hf-qwen3-8b-nscale,0.94,200,200
graphqa,connected_nodes,direct,-,syntax,hf-qwen3-8b-nscale,0.87,300,300
graphqa,connected_nodes,graph_as_code,native,canonical,hf-qwen3-8b-nscale,1.0,100,18
graphqa,connected_nodes,graph_as_code,native,order,hf-qwen3-8b-nscale,1.0,273,18
graphqa,connected_nodes,graph_as_code,native,relabel,hf-qwen3-8b-nscale,1.0,400,19
graphqa,connected_nodes,graph_as_code,native,structure,hf-qwen3-8b-nscale,1.0,200,18
graphqa,connected_nodes,graph_as_code,native,syntax,hf-qwen3-8b-nscale,1.0,300,18
graphqa,connected_nodes,graph_as_code,networkx,canonical,hf-qwen3-8b-nscale,1.0,100,18
graphqa,connected_nodes,graph_as_code,networkx,order,hf-qwen3-8b-nscale,1.0,273,18
graphqa,connected_nodes,graph_as_code,networkx,relabel,hf-qwen3-8b-nscale,1.0,400,19
graphqa,connected_nodes,graph_as_code,networkx,structure,hf-qwen3-8b-nscale,1.0,200,18
graphqa,connected_nodes,graph_as_code,networkx,syntax,hf-qwen3-8b-nscale,1.0,300,18
graphqa,cycle_check,code,native,canonical,hf-qwen3-8b-nscale,0.99,100,99
graphqa,cycle_check,code,native,order,hf-qwen3-8b-nscale,1.0,274,274
graphqa,cycle_check,code,native,relabel,hf-qwen3-8b-nscale,0.99,400,389
graphqa,cycle_check,code,native,structure,hf-qwen3-8b-nscale,0.84,200,198
graphqa,cycle_check,code,native,syntax,hf-qwen3-8b-nscale,0.9933333333333333,300,297
graphqa,cycle_check,code,networkx,canonical,hf-qwen3-8b-nscale,0.93,100,99
graphqa,cycle_check,code,networkx,order,hf-qwen3-8b-nscale,0.8941605839416058,274,274
graphqa,cycle_check,code,networkx,relabel,hf-qwen3-8b-nscale,0.89,400,389
graphqa,cycle_check,code,networkx,structure,hf-qwen3-8b-nscale,0.755,200,198
graphqa,cycle_check,code,networkx,syntax,hf-qwen3-8b-nscale,0.7966666666666666,300,297
graphqa,cycle_check,direct,-,canonical,hf-qwen3-8b-nscale,0.97,100,99
graphqa,cycle_check,direct,-,order,hf-qwen3-8b-nscale,0.9416058394160584,274,274
graphqa,cycle_check,direct,-,relabel,hf-qwen3-8b-nscale,0.9275,400,389
graphqa,cycle_check,direct,-,structure,hf-qwen3-8b-nscale,0.92,200,198
graphqa,cycle_check,direct,-,syntax,hf-qwen3-8b-nscale,0.9533333333333334,300,297
graphqa,cycle_check,graph_as_code,native,canonical,hf-qwen3-8b-nscale,1.0,100,1
graphqa,cycle_check,graph_as_code,native,order,hf-qwen3-8b-nscale,1.0,274,1
graphqa,cycle_check,graph_as_code,native,relabel,hf-qwen3-8b-nscale,1.0,400,1
graphqa,cycle_check,graph_as_code,native,structure,hf-qwen3-8b-nscale,1.0,200,1
graphqa,cycle_check,graph_as_code,native,syntax,hf-qwen3-8b-nscale,1.0,300,1
graphqa,cycle_check,graph_as_code,networkx,canonical,hf-qwen3-8b-nscale,0.0,100,1
graphqa,cycle_check,graph_as_code,networkx,order,hf-qwen3-8b-nscale,0.0,274,1
graphqa,cycle_check,graph_as_code,networkx,relabel,hf-qwen3-8b-nscale,0.0,400,1
graphqa,cycle_check,graph_as_code,networkx,structure,hf-qwen3-8b-nscale,0.0,200,1
graphqa,cycle_check,graph_as_code,networkx,syntax,hf-qwen3-8b-nscale,0.0,300,1
graphqa,disconnected_nodes,code,native,canonical,hf-qwen3-8b-nscale,0.93,100,100
graphqa,disconnected_nodes,code,native,order,hf-qwen3-8b-nscale,0.9314079422382672,277,276
graphqa,disconnected_nodes,code,native,relabel,hf-qwen3-8b-nscale,0.899749373433584,399,398
graphqa,disconnected_nodes,code,native,structure,hf-qwen3-8b-nscale,0.95,200,200
graphqa,disconnected_nodes,code,native,syntax,hf-qwen3-8b-nscale,0.91,300,300
graphqa,disconnected_nodes,code,networkx,canonical,hf-qwen3-8b-nscale,0.46,100,100
graphqa,disconnected_nodes,code,networkx,order,hf-qwen3-8b-nscale,0.516245487364621,277,276
graphqa,disconnected_nodes,code,networkx,relabel,hf-qwen3-8b-nscale,0.44611528822055135,399,398
graphqa,disconnected_nodes,code,networkx,structure,hf-qwen3-8b-nscale,0.75,200,200
graphqa,disconnected_nodes,code,networkx,syntax,hf-qwen3-8b-nscale,0.6333333333333333,300,300
graphqa,disconnected_nodes,direct,-,canonical,hf-qwen3-8b-nscale,0.67,100,100
graphqa,disconnected_nodes,direct,-,order,hf-qwen3-8b-nscale,0.5487364620938628,277,276
graphqa,disconnected_nodes,direct,-,relabel,hf-qwen3-8b-nscale,0.6390977443609023,399,398
graphqa,disconnected_nodes,direct,-,structure,hf-qwen3-8b-nscale,0.785,200,200
graphqa,disconnected_nodes,direct,-,syntax,hf-qwen3-8b-nscale,0.5566666666666666,300,300
graphqa,disconnected_nodes,graph_as_code,native,canonical,hf-qwen3-8b-nscale,1.0,100,17
graphqa,disconnected_nodes,graph_as_code,native,order,hf-qwen3-8b-nscale,1.0,277,17
graphqa,disconnected_nodes,graph_as_code,native,relabel,hf-qwen3-8b-nscale,1.0,399,20
graphqa,disconnected_nodes,graph_as_code,native,structure,hf-qwen3-8b-nscale,1.0,200,17
graphqa,disconnected_nodes,graph_as_code,native,syntax,hf-qwen3-8b-nscale,1.0,300,17
graphqa,disconnected_nodes,graph_as_code,networkx,canonical,hf-qwen3-8b-nscale,1.0,100,17
graphqa,disconnected_nodes,graph_as_code,networkx,order,hf-qwen3-8b-nscale,1.0,277,17
graphqa,disconnected_nodes,graph_as_code,networkx,relabel,hf-qwen3-8b-nscale,1.0,399,20
graphqa,disconnected_nodes,graph_as_code,networkx,structure,hf-qwen3-8b-nscale,1.0,200,17
graphqa,disconnected_nodes,graph_as_code,networkx,syntax,hf-qwen3-8b-nscale,1.0,300,17
graphqa,edge_count,code,native,canonical,hf-qwen3-8b-nscale,0.98,100,99
graphqa,edge_count,code,native,order,hf-qwen3-8b-nscale,0.9891304347826086,276,276
graphqa,edge_count,code,native,relabel,hf-qwen3-8b-nscale,0.985,400,390
graphqa,edge_count,code,native,structure,hf-qwen3-8b-nscale,0.72,200,198
graphqa,edge_count,code,native,syntax,hf-qwen3-8b-nscale,0.9866666666666667,300,297
graphqa,edge_count,code,networkx,canonical,hf-qwen3-8b-nscale,0.98,100,99
graphqa,edge_count,code,networkx,order,hf-qwen3-8b-nscale,0.9891304347826086,276,276
graphqa,edge_count,code,networkx,relabel,hf-qwen3-8b-nscale,0.9825,400,390
graphqa,edge_count,code,networkx,structure,hf-qwen3-8b-nscale,0.89,200,198
graphqa,edge_count,code,networkx,syntax,hf-qwen3-8b-nscale,0.9866666666666667,300,297
graphqa,edge_count,direct,-,canonical,hf-qwen3-8b-nscale,0.9,100,99
graphqa,edge_count,direct,-,order,hf-qwen3-8b-nscale,0.8768115942028986,276,276
graphqa,edge_count,direct,-,relabel,hf-qwen3-8b-nscale,0.9425,400,390
graphqa,edge_count,direct,-,structure,hf-qwen3-8b-nscale,0.7,200,198
graphqa,edge_count,direct,-,syntax,hf-qwen3-8b-nscale,0.7733333333333333,300,297
graphqa,edge_count,graph_as_code,native,canonical,hf-qwen3-8b-nscale,1.0,100,1
graphqa,edge_count,graph_as_code,native,order,hf-qwen3-8b-nscale,1.0,276,1
graphqa,edge_count,graph_as_code,native,relabel,hf-qwen3-8b-nscale,1.0,400,1
graphqa,edge_count,graph_as_code,native,structure,hf-qwen3-8b-nscale,1.0,200,1
graphqa,edge_count,graph_as_code,native,syntax,hf-qwen3-8b-nscale,1.0,300,1
graphqa,edge_count,graph_as_code,networkx,canonical,hf-qwen3-8b-nscale,1.0,100,1
graphqa,edge_count,graph_as_code,networkx,order,hf-qwen3-8b-nscale,1.0,276,1
graphqa,edge_count,graph_as_code,networkx,relabel,hf-qwen3-8b-nscale,1.0,400,1
graphqa,edge_count,graph_as_code,networkx,structure,hf-qwen3-8b-nscale,1.0,200,1
graphqa,edge_count,graph_as_code,networkx,syntax,hf-qwen3-8b-nscale,1.0,300,1
graphqa,edge_existence,code,native,canonical,hf-qwen3-8b-nscale,0.94,100,100
graphqa,edge_existence,code,native,order,hf-qwen3-8b-nscale,0.927007299270073,274,274
graphqa,edge_existence,code,native,relabel,hf-qwen3-8b-nscale,0.945,400,399
graphqa,edge_existence,code,native,structure,hf-qwen3-8b-nscale,0.98,200,200
graphqa,edge_existence,code,native,syntax,hf-qwen3-8b-nscale,0.9966666666666667,300,300
graphqa,edge_existence,code,networkx,canonical,hf-qwen3-8b-nscale,1.0,100,100
graphqa,edge_existence,code,networkx,order,hf-qwen3-8b-nscale,0.9963503649635036,274,274
graphqa,edge_existence,code,networkx,relabel,hf-qwen3-8b-nscale,0.9975,400,399
graphqa,edge_existence,code,networkx,structure,hf-qwen3-8b-nscale,0.995,200,200
graphqa,edge_existence,code,networkx,syntax,hf-qwen3-8b-nscale,0.8666666666666667,300,300
graphqa,edge_existence,direct,-,canonical,hf-qwen3-8b-nscale,0.56,100,100
graphqa,edge_existence,direct,-,order,hf-qwen3-8b-nscale,0.5547445255474452,274,274
graphqa,edge_existence,direct,-,relabel,hf-qwen3-8b-nscale,0.5625,400,399
graphqa,edge_existence,direct,-,structure,hf-qwen3-8b-nscale,0.62,200,200
graphqa,edge_existence,direct,-,syntax,hf-qwen3-8b-nscale,0.57,300,300
graphqa,edge_existence,graph_as_code,native,canonical,hf-qwen3-8b-nscale,1.0,100,73
graphqa,edge_existence,graph_as_code,native,order,hf-qwen3-8b-nscale,1.0,274,72
graphqa,edge_existence,graph_as_code,native,relabel,hf-qwen3-8b-nscale,1.0,400,169
graphqa,edge_existence,graph_as_code,native,structure,hf-qwen3-8b-nscale,1.0,200,73
graphqa,edge_existence,graph_as_code,native,syntax,hf-qwen3-8b-nscale,1.0,300,73
graphqa,edge_existence,graph_as_code,networkx,canonical,hf-qwen3-8b-nscale,1.0,100,73
graphqa,edge_existence,graph_as_code,networkx,order,hf-qwen3-8b-nscale,1.0,274,72
graphqa,edge_existence,graph_as_code,networkx,relabel,hf-qwen3-8b-nscale,1.0,400,169
graphqa,edge_existence,graph_as_code,networkx,structure,hf-qwen3-8b-nscale,1.0,200,73
graphqa,edge_existence,graph_as_code,networkx,syntax,hf-qwen3-8b-nscale,1.0,300,73
graphqa,node_count,code,native,canonical,hf-qwen3-8b-nscale,1.0,100,99
graphqa,node_count,code,native,order,hf-qwen3-8b-nscale,1.0,277,276
graphqa,node_count,code,native,relabel,hf-qwen3-8b-nscale,0.9975,400,391
graphqa,node_count,code,native,structure,hf-qwen3-8b-nscale,1.0,200,198
graphqa,node_count,code,native,syntax,hf-qwen3-8b-nscale,0.9966666666666667,300,297
graphqa,node_count,code,networkx,canonical,hf-qwen3-8b-nscale,1.0,100,99
graphqa,node_count,code,networkx,order,hf-qwen3-8b-nscale,1.0,277,276
graphqa,node_count,code,networkx,relabel,hf-qwen3-8b-nscale,1.0,400,391
graphqa,node_count,code,networkx,structure,hf-qwen3-8b-nscale,1.0,200,198
graphqa,node_count,code,networkx,syntax,hf-qwen3-8b-nscale,0.9966666666666667,300,297
graphqa,node_count,direct,-,canonical,hf-qwen3-8b-nscale,0.97,100,99
graphqa,node_count,direct,-,order,hf-qwen3-8b-nscale,0.9350180505415162,277,276
graphqa,node_count,direct,-,relabel,hf-qwen3-8b-nscale,0.9475,400,391
graphqa,node_count,direct,-,structure,hf-qwen3-8b-nscale,0.96,200,198
graphqa,node_count,direct,-,syntax,hf-qwen3-8b-nscale,1.0,300,297
graphqa,node_count,graph_as_code,native,canonical,hf-qwen3-8b-nscale,1.0,100,1
graphqa,node_count,graph_as_code,native,order,hf-qwen3-8b-nscale,1.0,277,1
graphqa,node_count,graph_as_code,native,relabel,hf-qwen3-8b-nscale,1.0,400,1
graphqa,node_count,graph_as_code,native,structure,hf-qwen3-8b-nscale,1.0,200,1
graphqa,node_count,graph_as_code,native,syntax,hf-qwen3-8b-nscale,1.0,300,1
graphqa,node_count,graph_as_code,networkx,canonical,hf-qwen3-8b-nscale,1.0,100,1
graphqa,node_count,graph_as_code,networkx,order,hf-qwen3-8b-nscale,1.0,277,1
graphqa,node_count,graph_as_code,networkx,relabel,hf-qwen3-8b-nscale,1.0,400,1
graphqa,node_count,graph_as_code,networkx,structure,hf-qwen3-8b-nscale,1.0,200,1
graphqa,node_count,graph_as_code,networkx,syntax,hf-qwen3-8b-nscale,1.0,300,1
graphqa,node_degree,code,native,canonical,hf-qwen3-8b-nscale,0.99,100,100
graphqa,node_degree,code,native,order,hf-qwen3-8b-nscale,1.0,275,274
graphqa,node_degree,code,native,relabel,hf-qwen3-8b-nscale,0.99,400,397
graphqa,node_degree,code,native,structure,hf-qwen3-8b-nscale,0.11,200,200
graphqa,node_degree,code,native,syntax,hf-qwen3-8b-nscale,1.0,300,300
graphqa,node_degree,code,networkx,canonical,hf-qwen3-8b-nscale,0.95,100,100
graphqa,node_degree,code,networkx,order,hf-qwen3-8b-nscale,0.9636363636363636,275,274
graphqa,node_degree,code,networkx,relabel,hf-qwen3-8b-nscale,0.9575,400,397
graphqa,node_degree,code,networkx,structure,hf-qwen3-8b-nscale,0.975,200,200
graphqa,node_degree,code,networkx,syntax,hf-qwen3-8b-nscale,0.93,300,300
graphqa,node_degree,direct,-,canonical,hf-qwen3-8b-nscale,0.96,100,100
graphqa,node_degree,direct,-,order,hf-qwen3-8b-nscale,0.9163636363636364,275,274
graphqa,node_degree,direct,-,relabel,hf-qwen3-8b-nscale,0.9275,400,397
graphqa,node_degree,direct,-,structure,hf-qwen3-8b-nscale,0.63,200,200
graphqa,node_degree,direct,-,syntax,hf-qwen3-8b-nscale,0.9466666666666667,300,300
graphqa,node_degree,graph_as_code,native,canonical,hf-qwen3-8b-nscale,1.0,100,18
graphqa,node_degree,graph_as_code,native,order,hf-qwen3-8b-nscale,1.0,275,18
graphqa,node_degree,graph_as_code,native,relabel,hf-qwen3-8b-nscale,1.0,400,20
graphqa,node_degree,graph_as_code,native,structure,hf-qwen3-8b-nscale,1.0,200,18
graphqa,node_degree,graph_as_code,native,syntax,hf-qwen3-8b-nscale,1.0,300,18
graphqa,node_degree,graph_as_code,networkx,canonical,hf-qwen3-8b-nscale,1.0,100,18
graphqa,node_degree,graph_as_code,networkx,order,hf-qwen3-8b-nscale,1.0,275,18
graphqa,node_degree,graph_as_code,networkx,relabel,hf-qwen3-8b-nscale,1.0,400,20
graphqa,node_degree,graph_as_code,networkx,structure,hf-qwen3-8b-nscale,1.0,200,18
graphqa,node_degree,graph_as_code,networkx,syntax,hf-qwen3-8b-nscale,1.0,300,18
