dataset,task,mode,library,axis,model,frac_identical,mean_spread,frac_all_correct,n_instances,n_calls
graphqa,connected_nodes,code,native,order,hf-qwen3-8b-nscale,1.0,,1.0,98,370
graphqa,connected_nodes,code,native,relabel,hf-qwen3-8b-nscale,0.99,,0.99,100,396
graphqa,connected_nodes,code,native,structure,hf-qwen3-8b-nscale,0.04,,0.04,100,299
graphqa,connected_nodes,code,native,syntax,hf-qwen3-8b-nscale,0.99,,0.99,100,400
graphqa,connected_nodes,code,networkx,order,hf-qwen3-8b-nscale,1.0,,1.0,98,370
graphqa,connected_nodes,code,networkx,relabel,hf-qwen3-8b-nscale,0.99,,0.99,100,396
graphqa,connected_nodes,code,networkx,structure,hf-qwen3-8b-nscale,0.95,,0.95,100,299
graphqa,connected_nodes,code,networkx,syntax,hf-qwen3-8b-nscale,0.29,,0.29,100,400
graphqa,connected_nodes,direct,-,order,hf-qwen3-8b-nscale,0.7142857142857143,,0.7142857142857143,98,370
graphqa,connected_nodes,direct,-,relabel,hf-qwen3-8b-nscale,0.68,,0.68,100,396
graphqa,connected_nodes,direct,-,structure,hf-qwen3-8b-nscale,0.86,,0.86,100,299
graphqa,connected_nodes,direct,-,syntax,hf-qwen3-8b-nscale,0.68,,0.68,100,400
graphqa,connected_nodes,graph_as_code,native,order,hf-qwen3-8b-nscale,1.0,,1.0,98,98
graphqa,connected_nodes,graph_as_code,native,relabel,hf-qwen3-8b-nscale,1.0,,1.0,100,356
graphqa,connected_nodes,graph_as_code,native,structure,hf-qwen3-8b-nscale,1.0,,1.0,100,100
graphqa,connected_nodes,graph_as_code,native,syntax,hf-qwen3-8b-nscale,1.0,,1.0,100,100
graphqa,connected_nodes,graph_as_code,networkx,order,hf-qwen3-8b-nscale,1.0,,1.0,98,98
graphqa,connected_nodes,graph_as_code,networkx,relabel,hf-qwen3-8b-nscale,1.0,,1.0,100,356
graphqa,connected_nodes,graph_as_code,networkx,structure,hf-qwen3-8b-nscale,1.0,,1.0,100,100
graphqa,connected_nodes,graph_as_code,networkx,syntax,hf-qwen3-8b-nscale,1.0,,1.0,100,100
graphqa,cycle_check,code,native,order,hf-qwen3-8b-nscale,1.0,,1.0,99,373
graphqa,cycle_check,code,native,relabel,hf-qwen3-8b-nscale,1.0,,0.99,100,391
graphqa,cycle_check,code,native,structure,hf-qwen3-8b-nscale,0.79,,0.79,100,299
graphqa,cycle_check,code,native,syntax,hf-qwen3-8b-nscale,0.98,,0.98,100,400
graphqa,cycle_check,code,networkx,order,hf-qwen3-8b-nscale,0.8585858585858586,,0.8181818181818182,99,373
graphqa,cycle_check,code,networkx,relabel,hf-qwen3-8b-nscale,0.85,,0.8,100,391
graphqa,cycle_check,code,networkx,structure,hf-qwen3-8b-nscale,0.64,,0.61,100,299
graphqa,cycle_check,code,networkx,syntax,hf-qwen3-8b-nscale,0.54,,0.54,100,400
graphqa,cycle_check,direct,-,order,hf-qwen3-8b-nscale,0.8282828282828283,,0.8282828282828283,99,373
graphqa,cycle_check,direct,-,relabel,hf-qwen3-8b-nscale,0.78,,0.78,100,391
graphqa,cycle_check,direct,-,structure,hf-qwen3-8b-nscale,0.85,,0.85,100,299
graphqa,cycle_check,direct,-,syntax,hf-qwen3-8b-nscale,0.87,,0.87,100,400
graphqa,cycle_check,graph_as_code,native,order,hf-qwen3-8b-nscale,1.0,,1.0,99,99
graphqa,cycle_check,graph_as_code,native,relabel,hf-qwen3-8b-nscale,1.0,,1.0,100,100
graphqa,cycle_check,graph_as_code,native,structure,hf-qwen3-8b-nscale,1.0,,1.0,100,100
graphqa,cycle_check,graph_as_code,native,syntax,hf-qwen3-8b-nscale,1.0,,1.0,100,100
graphqa,cycle_check,graph_as_code,networkx,order,hf-qwen3-8b-nscale,0.0,,0.0,99,99
graphqa,cycle_check,graph_as_code,networkx,relabel,hf-qwen3-8b-nscale,0.0,,0.0,100,100
graphqa,cycle_check,graph_as_code,networkx,structure,hf-qwen3-8b-nscale,0.0,,0.0,100,100
graphqa,cycle_check,graph_as_code,networkx,syntax,hf-qwen3-8b-nscale,0.0,,0.0,100,100
graphqa,disconnected_nodes,code,native,order,hf-qwen3-8b-nscale,0.8080808080808081,,0.8080808080808081,99,375
graphqa,disconnected_nodes,code,native,relabel,hf-qwen3-8b-nscale,0.68,,0.68,100,398
graphqa,disconnected_nodes,code,native,structure,hf-qwen3-8b-nscale,0.88,,0.88,100,299
graphqa,disconnected_nodes,code,native,syntax,hf-qwen3-8b-nscale,0.81,,0.81,100,400
graphqa,disconnected_nodes,code,networkx,order,hf-qwen3-8b-nscale,0.5050505050505051,,0.26262626262626265,99,375
graphqa,disconnected_nodes,code,networkx,relabel,hf-qwen3-8b-nscale,0.33,,0.16,100,398
graphqa,disconnected_nodes,code,networkx,structure,hf-qwen3-8b-nscale,0.39,,0.36,100,299
graphqa,disconnected_nodes,code,networkx,syntax,hf-qwen3-8b-nscale,0.09,,0.09,100,400
graphqa,disconnected_nodes,direct,-,order,hf-qwen3-8b-nscale,0.32323232323232326,,0.29292929292929293,99,375
graphqa,disconnected_nodes,direct,-,relabel,hf-qwen3-8b-nscale,0.28,,0.27,100,398
graphqa,disconnected_nodes,direct,-,structure,hf-qwen3-8b-nscale,0.44,,0.44,100,299
graphqa,disconnected_nodes,direct,-,syntax,hf-qwen3-8b-nscale,0.13,,0.13,100,400
graphqa,disconnected_nodes,graph_as_code,native,order,hf-qwen3-8b-nscale,1.0,,1.0,99,99
graphqa,disconnected_nodes,graph_as_code,native,relabel,hf-qwen3-8b-nscale,1.0,,1.0,100,352
graphqa,disconnected_nodes,graph_as_code,native,structure,hf-qwen3-8b-nscale,1.0,,1.0,100,100
graphqa,disconnected_nodes,graph_as_code,native,syntax,hf-qwen3-8b-nscale,1.0,,1.0,100,100
graphqa,disconnected_nodes,graph_as_code,networkx,order,hf-qwen3-8b-nscale,1.0,,1.0,99,99
graphqa,disconnected_nodes,graph_as_code,networkx,relabel,hf-qwen3-8b-nscale,1.0,,1.0,100,352
graphqa,disconnected_nodes,graph_as_code,networkx,structure,hf-qwen3-8b-nscale,1.0,,1.0,100,100
graphqa,disconnected_nodes,graph_as_code,networkx,syntax,hf-qwen3-8b-nscale,1.0,,1.0,100,100
graphqa,edge_count,code,native,order,hf-qwen3-8b-nscale,0.9595959595959596,0.00037214247740563526,0.9595959595959596,99,375
graphqa,edge_count,code,native,relabel,hf-qwen3-8b-nscale,0.98,0.00010526315789473683,0.97,100,392
graphqa,edge_count,code,native,structure,hf-qwen3-8b-nscale,0.5,0.06257894736842105,0.5,100,299
graphqa,edge_count,code,native,syntax,hf-qwen3-8b-nscale,0.97,0.00010526315789473683,0.97,100,400
graphqa,edge_count,code,networkx,order,hf-qwen3-8b-nscale,0.9595959595959596,0.000531632110579479,0.9595959595959596,99,375
graphqa,edge_count,code,networkx,relabel,hf-qwen3-8b-nscale,0.97,5.263157894736842e-05,0.96,100,392
graphqa,edge_count,code,networkx,structure,hf-qwen3-8b-nscale,0.78,0.008,0.78,100,299
graphqa,edge_count,code,networkx,syntax,hf-qwen3-8b-nscale,0.97,0.0,0.97,100,400
graphqa,edge_count,direct,-,order,hf-qwen3-8b-nscale,0.7777777777777778,0.027060074428495482,0.7777777777777778,99,375
graphqa,edge_count,direct,-,relabel,hf-qwen3-8b-nscale,0.84,0.020148856990962253,0.84,100,392
graphqa,edge_count,direct,-,structure,hf-qwen3-8b-nscale,0.57,0.024684210526315788,0.57,100,299
graphqa,edge_count,direct,-,syntax,hf-qwen3-8b-nscale,0.6,0.023789473684210524,0.6,100,400
graphqa,edge_count,graph_as_code,native,order,hf-qwen3-8b-nscale,1.0,0.0,1.0,99,99
graphqa,edge_count,graph_as_code,native,relabel,hf-qwen3-8b-nscale,1.0,0.0,1.0,100,100
graphqa,edge_count,graph_as_code,native,structure,hf-qwen3-8b-nscale,1.0,0.0,1.0,100,100
graphqa,edge_count,graph_as_code,native,syntax,hf-qwen3-8b-nscale,1.0,0.0,1.0,100,100
graphqa,edge_count,graph_as_code,networkx,order,hf-qwen3-8b-nscale,1.0,0.0,1.0,99,99
graphqa,edge_count,graph_as_code,networkx,relabel,hf-qwen3-8b-nscale,1.0,0.0,1.0,100,100
graphqa,edge_count,graph_as_code,networkx,structure,hf-qwen3-8b-nscale,1.0,0.0,1.0,100,100
graphqa,edge_count,graph_as_code,networkx,syntax,hf-qwen3-8b-nscale,1.0,0.0,1.0,100,100
graphqa,edge_existence,code,native,order,hf-qwen3-8b-nscale,0.9387755102040817,,0.8979591836734694,98,372
graphqa,edge_existence,code,native,relabel,hf-qwen3-8b-nscale,0.86,,0.86,100,399
graphqa,edge_existence,code,native,structure,hf-qwen3-8b-nscale,0.92,,0.92,100,299
graphqa,edge_existence,code,native,syntax,hf-qwen3-8b-nscale,0.93,,0.93,100,400
graphqa,edge_existence,code,networkx,order,hf-qwen3-8b-nscale,0.9897959183673469,,0.9897959183673469,98,372
graphqa,edge_existence,code,networkx,relabel,hf-qwen3-8b-nscale,0.99,,0.99,100,399
graphqa,edge_existence,code,networkx,structure,hf-qwen3-8b-nscale,0.99,,0.99,100,299
graphqa,edge_existence,code,networkx,syntax,hf-qwen3-8b-nscale,0.6,,0.6,100,400
graphqa,edge_existence,direct,-,order,hf-qwen3-8b-nscale,1.0,,0.5510204081632653,98,372
graphqa,edge_existence,direct,-,relabel,hf-qwen3-8b-nscale,0.97,,0.55,100,399
graphqa,edge_existence,direct,-,structure,hf-qwen3-8b-nscale,0.87,,0.56,100,299
graphqa,edge_existence,direct,-,syntax,hf-qwen3-8b-nscale,0.95,,0.55,100,400
graphqa,edge_existence,graph_as_code,native,order,hf-qwen3-8b-nscale,1.0,,1.0,98,98
graphqa,edge_existence,graph_as_code,native,relabel,hf-qwen3-8b-nscale,1.0,,1.0,100,391
graphqa,edge_existence,graph_as_code,native,structure,hf-qwen3-8b-nscale,1.0,,1.0,100,100
graphqa,edge_existence,graph_as_code,native,syntax,hf-qwen3-8b-nscale,1.0,,1.0,100,100
graphqa,edge_existence,graph_as_code,networkx,order,hf-qwen3-8b-nscale,1.0,,1.0,98,98
graphqa,edge_existence,graph_as_code,networkx,relabel,hf-qwen3-8b-nscale,1.0,,1.0,100,391
graphqa,edge_existence,graph_as_code,networkx,structure,hf-qwen3-8b-nscale,1.0,,1.0,100,100
graphqa,edge_existence,graph_as_code,networkx,syntax,hf-qwen3-8b-nscale,1.0,,1.0,100,100
graphqa,node_count,code,native,order,hf-qwen3-8b-nscale,1.0,0.0,1.0,98,374
graphqa,node_count,code,native,relabel,hf-qwen3-8b-nscale,0.99,0.0,0.99,100,393
graphqa,node_count,code,native,structure,hf-qwen3-8b-nscale,1.0,0.0,1.0,100,299
graphqa,node_count,code,native,syntax,hf-qwen3-8b-nscale,0.99,0.0,0.99,100,400
graphqa,node_count,code,networkx,order,hf-qwen3-8b-nscale,1.0,0.0,1.0,98,374
graphqa,node_count,code,networkx,relabel,hf-qwen3-8b-nscale,1.0,0.0,1.0,100,393
graphqa,node_count,code,networkx,structure,hf-qwen3-8b-nscale,1.0,0.0,1.0,100,299
graphqa,node_count,code,networkx,syntax,hf-qwen3-8b-nscale,0.99,0.0,0.99,100,400
graphqa,node_count,direct,-,order,hf-qwen3-8b-nscale,0.9387755102040817,0.006122448979591836,0.9183673469387755,98,374
graphqa,node_count,direct,-,relabel,hf-qwen3-8b-nscale,0.89,0.014666666666666666,0.89,100,393
graphqa,node_count,direct,-,structure,hf-qwen3-8b-nscale,0.91,0.013333333333333332,0.91,100,299
graphqa,node_count,direct,-,syntax,hf-qwen3-8b-nscale,0.97,0.004,0.97,100,400
graphqa,node_count,graph_as_code,native,order,hf-qwen3-8b-nscale,1.0,0.0,1.0,98,98
graphqa,node_count,graph_as_code,native,relabel,hf-qwen3-8b-nscale,1.0,0.0,1.0,100,100
graphqa,node_count,graph_as_code,native,structure,hf-qwen3-8b-nscale,1.0,0.0,1.0,100,100
graphqa,node_count,graph_as_code,native,syntax,hf-qwen3-8b-nscale,1.0,0.0,1.0,100,100
graphqa,node_count,graph_as_code,networkx,order,hf-qwen3-8b-nscale,1.0,0.0,1.0,98,98
graphqa,node_count,graph_as_code,networkx,relabel,hf-qwen3-8b-nscale,1.0,0.0,1.0,100,100
graphqa,node_count,graph_as_code,networkx,structure,hf-qwen3-8b-nscale,1.0,0.0,1.0,100,100
graphqa,node_count,graph_as_code,networkx,syntax,hf-qwen3-8b-nscale,1.0,0.0,1.0,100,100
graphqa,node_degree,code,native,order,hf-qwen3-8b-nscale,1.0,0.0,1.0,98,372
graphqa,node_degree,code,native,relabel,hf-qwen3-8b-nscale,0.99,0.0010526315789473684,0.99,100,397
graphqa,node_degree,code,native,structure,hf-qwen3-8b-nscale,0.05,0.22789473684210523,0.05,100,299
graphqa,node_degree,code,native,syntax,hf-qwen3-8b-nscale,0.99,0.0015789473684210526,0.99,100,400
graphqa,node_degree,code,networkx,order,hf-qwen3-8b-nscale,0.9591836734693877,0.0,0.9591836734693877,98,372
graphqa,node_degree,code,networkx,relabel,hf-qwen3-8b-nscale,0.95,0.0010851871947911015,0.95,100,397
graphqa,node_degree,code,networkx,structure,hf-qwen3-8b-nscale,0.94,0.0,0.94,100,299
graphqa,node_degree,code,networkx,syntax,hf-qwen3-8b-nscale,0.77,0.0015789473684210526,0.77,100,400
graphqa,node_degree,direct,-,order,hf-qwen3-8b-nscale,0.8367346938775511,0.02363050483351235,0.8367346938775511,98,372
graphqa,node_degree,direct,-,relabel,hf-qwen3-8b-nscale,0.84,0.02392344497607655,0.84,100,397
graphqa,node_degree,direct,-,structure,hf-qwen3-8b-nscale,0.26,0.14789473684210525,0.26,100,299
graphqa,node_degree,direct,-,syntax,hf-qwen3-8b-nscale,0.88,0.014736842105263158,0.88,100,400
graphqa,node_degree,graph_as_code,native,order,hf-qwen3-8b-nscale,1.0,0.0,1.0,98,98
graphqa,node_degree,graph_as_code,native,relabel,hf-qwen3-8b-nscale,1.0,0.0,1.0,100,350
graphqa,node_degree,graph_as_code,native,structure,hf-qwen3-8b-nscale,1.0,0.0,1.0,100,100
graphqa,node_degree,graph_as_code,native,syntax,hf-qwen3-8b-nscale,1.0,0.0,1.0,100,100
graphqa,node_degree,graph_as_code,networkx,order,hf-qwen3-8b-nscale,1.0,0.0,1.0,98,98
graphqa,node_degree,graph_as_code,networkx,relabel,hf-qwen3-8b-nscale,1.0,0.0,1.0,100,350
graphqa,node_degree,graph_as_code,networkx,structure,hf-qwen3-8b-nscale,1.0,0.0,1.0,100,100
graphqa,node_degree,graph_as_code,networkx,syntax,hf-qwen3-8b-nscale,1.0,0.0,1.0,100,100
