dataset,model,arm,metric,n_clusters,difference,ci_low,ci_high
graphqa,hf-deepseek-v3.1-novita,code/native,identical,100,0.0791524575198046,0.061119261124363125,0.09807275814105698
graphqa,hf-deepseek-v3.1-novita,code/native,all_correct,100,0.1089650145772596,0.08999980839169243,0.12911877453261836
graphqa,hf-deepseek-v3.1-novita,code/networkx,identical,100,0.07131872662484917,0.05357084623245461,0.08975911040767444
graphqa,hf-deepseek-v3.1-novita,code/networkx,all_correct,100,0.10256707011809063,0.08030037555171353,0.12548345333804517
graphqa,hf-deepseek-v4-flash,code/native,identical,100,0.034304856141590845,0.010101311953352718,0.05988449362428946
graphqa,hf-deepseek-v4-flash,code/native,all_correct,100,-0.00739891627646716,-0.030351223606325833,0.016308671647799432
graphqa,hf-deepseek-v4-flash,code/networkx,identical,100,0.029873369261124494,0.0003954192066438105,0.059962188852813736
graphqa,hf-deepseek-v4-flash,code/networkx,all_correct,100,0.029335777601083857,0.0034408241565135086,0.055180836345784835
graphqa,hf-gemma-4-31b,code/native,identical,100,-0.006428129693435869,-0.01927849927849923,0.005917014363560417
graphqa,hf-gemma-4-31b,code/native,all_correct,100,0.07858512236063253,0.06262355975940143,0.09571428571428564
graphqa,hf-gemma-4-31b,code/networkx,identical,100,-0.018628854139058237,-0.031662096871149036,-0.005721489678122291
graphqa,hf-gemma-4-31b,code/networkx,all_correct,100,0.07139882792944019,0.05529563492063481,0.08892514430014423
graphqa,hf-qwen3-8b-nscale,code/native,identical,100,0.1783831021586123,0.14712799231437793,0.21043512368128398
graphqa,hf-qwen3-8b-nscale,code/native,all_correct,100,0.24044556350678803,0.20776717613452297,0.2742786796536796
graphqa,hf-qwen3-8b-nscale,code/networkx,identical,100,0.11808021910062716,0.08743952922077916,0.14908086466389125
graphqa,hf-qwen3-8b-nscale,code/networkx,all_correct,100,0.14785611214182637,0.11536341712790797,0.18027016456379488
erdos,hf-deepseek-v3.1-novita,code/native,identical,1179,0.1004166666666666,0.08528886666011742,0.11558824263208162
erdos,hf-deepseek-v3.1-novita,code/native,all_correct,1179,0.10416666666666674,0.08924417995496264,0.11928995735939739
erdos,hf-deepseek-v3.1-novita,code/networkx,identical,1179,0.08583333333333332,0.06995940240241297,0.10285149707181206
erdos,hf-deepseek-v3.1-novita,code/networkx,all_correct,1179,0.08749999999999991,0.0716651368607674,0.104150414917753
erdos,hf-deepseek-v4-flash,code/native,identical,1179,0.16125000000000023,0.14323721237473414,0.17947852402910994
erdos,hf-deepseek-v4-flash,code/native,all_correct,1179,0.16333333333333344,0.14552443509487611,0.18084996644450557
erdos,hf-deepseek-v4-flash,code/networkx,identical,1179,0.19166666666666676,0.1751301602868658,0.20834812397306743
erdos,hf-deepseek-v4-flash,code/networkx,all_correct,1179,0.19458333333333344,0.17799235289741686,0.21060173344346772
erdos,hf-gemma-4-31b,code/native,identical,1179,0.03166666666666662,0.022267030098279385,0.04169536962318473
erdos,hf-gemma-4-31b,code/native,all_correct,1179,0.03916666666666657,0.030210601362541768,0.04916069403426078
erdos,hf-gemma-4-31b,code/networkx,identical,1179,0.03333333333333344,0.023820615100358062,0.04361361590949989
erdos,hf-gemma-4-31b,code/networkx,all_correct,1179,0.039583333333333526,0.030411064750429498,0.049660556500752615
erdos,hf-qwen3-8b-nscale,code/native,identical,1179,0.36916666666666653,0.34599539772963417,0.39196014198151913
erdos,hf-qwen3-8b-nscale,code/native,all_correct,1179,0.38208333333333333,0.3589572195774304,0.40511914505854296
erdos,hf-qwen3-8b-nscale,code/networkx,identical,1179,0.12083333333333313,0.09452264354520112,0.14647572437543077
erdos,hf-qwen3-8b-nscale,code/networkx,all_correct,1179,0.1399999999999999,0.11352644266380332,0.1663469870186719
