dataset,mode,library,axis,model,construction,execution,format,logic,no_computation,transcription,n_failures
erdos,code,native,canonical,hf-deepseek-v4-flash,0.0,0.435,0.0,0.565,0.0,0.0,23
erdos,code,native,order,hf-deepseek-v4-flash,0.0,0.352,0.0,0.577,0.0,0.07,71
erdos,code,native,relabel,hf-deepseek-v4-flash,0.0,0.341,0.0,0.648,0.0,0.011,91
erdos,code,native,structure,hf-deepseek-v4-flash,0.0,0.119,0.045,0.791,0.0,0.045,134
erdos,code,native,syntax,hf-deepseek-v4-flash,0.0,0.632,0.0,0.368,0.0,0.0,57
erdos,code,networkx,canonical,hf-deepseek-v4-flash,0.0,0.0,0.0,1.0,0.0,0.0,9
erdos,code,networkx,order,hf-deepseek-v4-flash,0.043,0.0,0.0,0.957,0.0,0.0,23
erdos,code,networkx,relabel,hf-deepseek-v4-flash,0.0,0.0,0.0,1.0,0.0,0.0,32
erdos,code,networkx,structure,hf-deepseek-v4-flash,0.0,0.053,0.096,0.798,0.011,0.043,94
erdos,code,networkx,syntax,hf-deepseek-v4-flash,0.0,0.972,0.0,0.028,0.0,0.0,357
erdos,graph_as_code,native,canonical,hf-deepseek-v4-flash,0.0,0.0,0.0,1.0,0.0,0.0,81
erdos,graph_as_code,native,order,hf-deepseek-v4-flash,0.0,0.0,0.0,1.0,0.0,0.0,237
erdos,graph_as_code,native,relabel,hf-deepseek-v4-flash,0.0,0.0,0.0,1.0,0.0,0.0,324
erdos,graph_as_code,native,structure,hf-deepseek-v4-flash,0.0,0.0,0.0,1.0,0.0,0.0,153
erdos,graph_as_code,native,syntax,hf-deepseek-v4-flash,0.0,0.0,0.0,1.0,0.0,0.0,162
erdos,graph_as_code,networkx,canonical,hf-deepseek-v4-flash,0.0,0.013,0.0,0.987,0.0,0.0,75
erdos,graph_as_code,networkx,order,hf-deepseek-v4-flash,0.0,0.014,0.0,0.986,0.0,0.0,219
erdos,graph_as_code,networkx,relabel,hf-deepseek-v4-flash,0.007,0.017,0.0,0.977,0.0,0.0,299
erdos,graph_as_code,networkx,structure,hf-deepseek-v4-flash,0.0,0.014,0.0,0.986,0.0,0.0,148
erdos,graph_as_code,networkx,syntax,hf-deepseek-v4-flash,0.0,0.013,0.0,0.987,0.0,0.0,150
