dataset,task,axis,library,model,code,direct,graph_as_code,gap_code_minus_graph_as_code
erdos,bridges,order,native,hf-deepseek-v4-flash,0.74,,1.0,-0.26
erdos,bridges,order,networkx,hf-deepseek-v4-flash,1.0,,1.0,0.0
erdos,bridges,relabel,native,hf-deepseek-v4-flash,0.74,,1.0,-0.26
erdos,bridges,relabel,networkx,hf-deepseek-v4-flash,1.0,,1.0,0.0
erdos,bridges,structure,native,hf-deepseek-v4-flash,0.74,,1.0,-0.26
erdos,bridges,structure,networkx,hf-deepseek-v4-flash,0.96,,1.0,-0.040000000000000036
erdos,bridges,syntax,native,hf-deepseek-v4-flash,0.62,,1.0,-0.38
erdos,bridges,syntax,networkx,hf-deepseek-v4-flash,1.0,,1.0,0.0
erdos,common_neighbor,order,native,hf-deepseek-v4-flash,0.98,,1.0,-0.020000000000000018
erdos,common_neighbor,order,networkx,hf-deepseek-v4-flash,1.0,,1.0,0.0
erdos,common_neighbor,relabel,native,hf-deepseek-v4-flash,0.99,,1.0,-0.010000000000000009
erdos,common_neighbor,relabel,networkx,hf-deepseek-v4-flash,1.0,,1.0,0.0
erdos,common_neighbor,structure,native,hf-deepseek-v4-flash,0.98,,1.0,-0.020000000000000018
erdos,common_neighbor,structure,networkx,hf-deepseek-v4-flash,0.99,,1.0,-0.010000000000000009
erdos,common_neighbor,syntax,native,hf-deepseek-v4-flash,1.0,,1.0,0.0
erdos,common_neighbor,syntax,networkx,hf-deepseek-v4-flash,0.52,,1.0,-0.48
erdos,connected_component_number,order,native,hf-deepseek-v4-flash,1.0,,1.0,0.0
erdos,connected_component_number,order,networkx,hf-deepseek-v4-flash,1.0,,1.0,0.0
erdos,connected_component_number,relabel,native,hf-deepseek-v4-flash,1.0,,1.0,0.0
erdos,connected_component_number,relabel,networkx,hf-deepseek-v4-flash,1.0,,1.0,0.0
erdos,connected_component_number,structure,native,hf-deepseek-v4-flash,1.0,,1.0,0.0
erdos,connected_component_number,structure,networkx,hf-deepseek-v4-flash,1.0,,1.0,0.0
erdos,connected_component_number,syntax,native,hf-deepseek-v4-flash,1.0,,1.0,0.0
erdos,connected_component_number,syntax,networkx,hf-deepseek-v4-flash,1.0,,1.0,0.0
erdos,degree,order,native,hf-deepseek-v4-flash,0.99,,1.0,-0.010000000000000009
erdos,degree,order,networkx,hf-deepseek-v4-flash,0.99,,1.0,-0.010000000000000009
erdos,degree,relabel,native,hf-deepseek-v4-flash,1.0,,1.0,0.0
erdos,degree,relabel,networkx,hf-deepseek-v4-flash,1.0,,0.98,0.020000000000000018
erdos,degree,structure,native,hf-deepseek-v4-flash,0.68,,1.0,-0.31999999999999995
erdos,degree,structure,networkx,hf-deepseek-v4-flash,0.73,,1.0,-0.27
erdos,degree,syntax,native,hf-deepseek-v4-flash,1.0,,1.0,0.0
erdos,degree,syntax,networkx,hf-deepseek-v4-flash,0.99,,1.0,-0.010000000000000009
erdos,density,order,native,hf-deepseek-v4-flash,1.0,,1.0,0.0
erdos,density,order,networkx,hf-deepseek-v4-flash,1.0,,1.0,0.0
erdos,density,relabel,native,hf-deepseek-v4-flash,1.0,,1.0,0.0
erdos,density,relabel,networkx,hf-deepseek-v4-flash,1.0,,1.0,0.0
erdos,density,structure,native,hf-deepseek-v4-flash,0.77,,1.0,-0.22999999999999998
erdos,density,structure,networkx,hf-deepseek-v4-flash,0.63,,1.0,-0.37
erdos,density,syntax,native,hf-deepseek-v4-flash,1.0,,1.0,0.0
erdos,density,syntax,networkx,hf-deepseek-v4-flash,0.0,,1.0,-1.0
erdos,diameter,order,native,hf-deepseek-v4-flash,0.9,,1.0,-0.09999999999999998
erdos,diameter,order,networkx,hf-deepseek-v4-flash,1.0,,1.0,0.0
erdos,diameter,relabel,native,hf-deepseek-v4-flash,0.89,,1.0,-0.10999999999999999
erdos,diameter,relabel,networkx,hf-deepseek-v4-flash,0.99,,1.0,-0.010000000000000009
erdos,diameter,structure,native,hf-deepseek-v4-flash,0.94,,1.0,-0.06000000000000005
erdos,diameter,structure,networkx,hf-deepseek-v4-flash,0.98,,1.0,-0.020000000000000018
erdos,diameter,syntax,native,hf-deepseek-v4-flash,0.92,,1.0,-0.07999999999999996
erdos,diameter,syntax,networkx,hf-deepseek-v4-flash,0.75,,1.0,-0.25
erdos,edge_existence,order,native,hf-deepseek-v4-flash,1.0,,1.0,0.0
erdos,edge_existence,order,networkx,hf-deepseek-v4-flash,1.0,,0.99,0.010000000000000009
erdos,edge_existence,relabel,native,hf-deepseek-v4-flash,1.0,,1.0,0.0
erdos,edge_existence,relabel,networkx,hf-deepseek-v4-flash,1.0,,0.96,0.040000000000000036
erdos,edge_existence,structure,native,hf-deepseek-v4-flash,1.0,,1.0,0.0
erdos,edge_existence,structure,networkx,hf-deepseek-v4-flash,1.0,,0.99,0.010000000000000009
erdos,edge_existence,syntax,native,hf-deepseek-v4-flash,1.0,,1.0,0.0
erdos,edge_existence,syntax,networkx,hf-deepseek-v4-flash,0.21,,0.99,-0.78
erdos,edge_number,order,native,hf-deepseek-v4-flash,0.96,,1.0,-0.040000000000000036
erdos,edge_number,order,networkx,hf-deepseek-v4-flash,0.94,,1.0,-0.06000000000000005
erdos,edge_number,relabel,native,hf-deepseek-v4-flash,0.97,,1.0,-0.030000000000000027
erdos,edge_number,relabel,networkx,hf-deepseek-v4-flash,0.94,,1.0,-0.06000000000000005
erdos,edge_number,structure,native,hf-deepseek-v4-flash,0.93,,1.0,-0.06999999999999995
erdos,edge_number,structure,networkx,hf-deepseek-v4-flash,0.85,,1.0,-0.15000000000000002
erdos,edge_number,syntax,native,hf-deepseek-v4-flash,0.94,,1.0,-0.06000000000000005
erdos,edge_number,syntax,networkx,hf-deepseek-v4-flash,0.92,,1.0,-0.07999999999999996
erdos,has_cycle,order,native,hf-deepseek-v4-flash,1.0,,1.0,0.0
erdos,has_cycle,order,networkx,hf-deepseek-v4-flash,1.0,,1.0,0.0
erdos,has_cycle,relabel,native,hf-deepseek-v4-flash,1.0,,1.0,0.0
erdos,has_cycle,relabel,networkx,hf-deepseek-v4-flash,1.0,,1.0,0.0
erdos,has_cycle,structure,native,hf-deepseek-v4-flash,0.82,,1.0,-0.18000000000000005
erdos,has_cycle,structure,networkx,hf-deepseek-v4-flash,0.99,,1.0,-0.010000000000000009
erdos,has_cycle,syntax,native,hf-deepseek-v4-flash,1.0,,1.0,0.0
erdos,has_cycle,syntax,networkx,hf-deepseek-v4-flash,0.79,,1.0,-0.20999999999999996
erdos,neighbor,order,native,hf-deepseek-v4-flash,1.0,,1.0,0.0
erdos,neighbor,order,networkx,hf-deepseek-v4-flash,1.0,,1.0,0.0
erdos,neighbor,relabel,native,hf-deepseek-v4-flash,1.0,,1.0,0.0
erdos,neighbor,relabel,networkx,hf-deepseek-v4-flash,1.0,,1.0,0.0
erdos,neighbor,structure,native,hf-deepseek-v4-flash,0.75,,1.0,-0.25
erdos,neighbor,structure,networkx,hf-deepseek-v4-flash,0.91,,1.0,-0.08999999999999997
erdos,neighbor,syntax,native,hf-deepseek-v4-flash,1.0,,1.0,0.0
erdos,neighbor,syntax,networkx,hf-deepseek-v4-flash,0.99,,1.0,-0.010000000000000009
erdos,shortest_path,order,native,hf-deepseek-v4-flash,0.5,,0.5,0.0
erdos,shortest_path,order,networkx,hf-deepseek-v4-flash,0.53,,0.53,0.0
erdos,shortest_path,relabel,native,hf-deepseek-v4-flash,0.45,,0.45,0.0
erdos,shortest_path,relabel,networkx,hf-deepseek-v4-flash,0.45,,0.45,0.0
erdos,shortest_path,structure,native,hf-deepseek-v4-flash,0.94,,1.0,-0.06000000000000005
erdos,shortest_path,structure,networkx,hf-deepseek-v4-flash,0.92,,1.0,-0.07999999999999996
erdos,shortest_path,syntax,native,hf-deepseek-v4-flash,1.0,,1.0,0.0
erdos,shortest_path,syntax,networkx,hf-deepseek-v4-flash,1.0,,1.0,0.0
erdos,triangles,order,native,hf-deepseek-v4-flash,1.0,,1.0,0.0
erdos,triangles,order,networkx,hf-deepseek-v4-flash,1.0,,1.0,0.0
erdos,triangles,relabel,native,hf-deepseek-v4-flash,1.0,,1.0,0.0
erdos,triangles,relabel,networkx,hf-deepseek-v4-flash,1.0,,1.0,0.0
erdos,triangles,structure,native,hf-deepseek-v4-flash,1.0,,1.0,0.0
erdos,triangles,structure,networkx,hf-deepseek-v4-flash,1.0,,1.0,0.0
erdos,triangles,syntax,native,hf-deepseek-v4-flash,1.0,,1.0,0.0
erdos,triangles,syntax,networkx,hf-deepseek-v4-flash,0.27,,1.0,-0.73
