dataset,mode,library,axis,model,execution,format,logic,no_computation,transcription,n_failures
graphqa,code,native,canonical,hf-deepseek-v4-flash,0.0,0.0,1.0,0.0,0.0,152
graphqa,code,native,order,hf-deepseek-v4-flash,0.0,0.0,0.998,0.0,0.002,449
graphqa,code,native,relabel,hf-deepseek-v4-flash,0.0,0.0,1.0,0.0,0.0,613
graphqa,code,native,structure,hf-deepseek-v4-flash,0.0,0.0,0.993,0.0,0.007,283
graphqa,code,native,syntax,hf-deepseek-v4-flash,0.0,0.005,0.995,0.0,0.0,424
graphqa,code,networkx,canonical,hf-deepseek-v4-flash,0.0,0.0,1.0,0.0,0.0,118
graphqa,code,networkx,order,hf-deepseek-v4-flash,0.0,0.0,0.986,0.0,0.014,354
graphqa,code,networkx,relabel,hf-deepseek-v4-flash,0.0,0.0,0.99,0.002,0.008,487
graphqa,code,networkx,structure,hf-deepseek-v4-flash,0.0,0.0,0.99,0.005,0.005,209
graphqa,code,networkx,syntax,hf-deepseek-v4-flash,0.003,0.0,0.994,0.003,0.0,334
graphqa,graph_as_code,native,canonical,hf-deepseek-v4-flash,0.0,0.0,1.0,0.0,0.0,89
graphqa,graph_as_code,native,order,hf-deepseek-v4-flash,0.0,0.0,1.0,0.0,0.0,250
graphqa,graph_as_code,native,relabel,hf-deepseek-v4-flash,0.0,0.0,1.0,0.0,0.0,355
graphqa,graph_as_code,native,structure,hf-deepseek-v4-flash,0.0,0.0,1.0,0.0,0.0,178
graphqa,graph_as_code,native,syntax,hf-deepseek-v4-flash,0.0,0.0,1.0,0.0,0.0,267
graphqa,graph_as_code,networkx,canonical,hf-deepseek-v4-flash,0.006,0.0,0.994,0.0,0.0,175
graphqa,graph_as_code,networkx,order,hf-deepseek-v4-flash,0.002,0.0,0.998,0.0,0.0,488
graphqa,graph_as_code,networkx,relabel,hf-deepseek-v4-flash,0.001,0.0,0.999,0.0,0.0,695
graphqa,graph_as_code,networkx,structure,hf-deepseek-v4-flash,0.006,0.0,0.994,0.0,0.0,350
graphqa,graph_as_code,networkx,syntax,hf-deepseek-v4-flash,0.006,0.0,0.994,0.0,0.0,525
