model,task,n_undirected,n_recovered,built_digraph,correct_overall,correct_given_digraph,latent_errors,surfaced_errors
hf-deepseek-v3.1-novita,bridges,100,0,,1.0,,0,0
hf-deepseek-v3.1-novita,common_neighbor,100,100,0.0,1.0,,0,0
hf-deepseek-v3.1-novita,connected_component_number,100,100,0.0,1.0,,0,0
hf-deepseek-v3.1-novita,degree,93,76,0.0,1.0,,0,0
hf-deepseek-v3.1-novita,density,89,89,0.0,1.0,,0,0
hf-deepseek-v3.1-novita,diameter,96,96,0.0,1.0,,0,0
hf-deepseek-v3.1-novita,edge_existence,95,77,0.012987012987012988,1.0,1.0,1,0
hf-deepseek-v3.1-novita,edge_number,87,0,,1.0,,0,0
hf-deepseek-v3.1-novita,has_cycle,83,83,1.0,0.43373493975903615,0.43373493975903615,36,47
hf-deepseek-v3.1-novita,neighbor,84,84,1.0,0.14285714285714285,0.14285714285714285,12,72
hf-deepseek-v3.1-novita,shortest_path,96,96,0.0,1.0,,0,0
hf-deepseek-v3.1-novita,triangles,100,100,0.0,1.0,,0,0
hf-deepseek-v4-flash,bridges,100,100,0.0,1.0,,0,0
hf-deepseek-v4-flash,common_neighbor,100,100,0.0,1.0,,0,0
hf-deepseek-v4-flash,connected_component_number,100,100,0.0,1.0,,0,0
hf-deepseek-v4-flash,degree,93,57,0.0,1.0,,0,0
hf-deepseek-v4-flash,density,89,89,0.0,1.0,,0,0
hf-deepseek-v4-flash,diameter,96,96,0.0,1.0,,0,0
hf-deepseek-v4-flash,edge_existence,95,84,0.0,0.9894736842105263,,0,0
hf-deepseek-v4-flash,edge_number,87,0,,1.0,,0,0
hf-deepseek-v4-flash,has_cycle,83,83,0.0,1.0,,0,0
hf-deepseek-v4-flash,neighbor,84,84,1.0,0.14285714285714285,0.14285714285714285,12,72
hf-deepseek-v4-flash,shortest_path,96,96,0.0,1.0,,0,0
hf-deepseek-v4-flash,triangles,100,64,0.0,1.0,,0,0
hf-gemma-4-31b,bridges,100,100,0.0,1.0,,0,0
hf-gemma-4-31b,common_neighbor,100,100,0.0,1.0,,0,0
hf-gemma-4-31b,connected_component_number,100,100,0.0,1.0,,0,0
hf-gemma-4-31b,degree,93,93,0.0,1.0,,0,0
hf-gemma-4-31b,density,89,89,0.0,1.0,,0,0
hf-gemma-4-31b,diameter,96,96,0.0,1.0,,0,0
hf-gemma-4-31b,edge_existence,95,95,0.6947368421052632,0.8105263157894737,0.7272727272727273,48,18
hf-gemma-4-31b,edge_number,87,87,0.0,1.0,,0,0
hf-gemma-4-31b,has_cycle,83,83,0.0,1.0,,0,0
hf-gemma-4-31b,neighbor,84,84,1.0,0.14285714285714285,0.14285714285714285,12,72
hf-gemma-4-31b,shortest_path,96,96,0.0,1.0,,0,0
hf-gemma-4-31b,triangles,100,100,0.0,1.0,,0,0
hf-qwen3-8b-nscale,bridges,100,100,0.0,1.0,,0,0
hf-qwen3-8b-nscale,common_neighbor,100,100,0.0,0.0,,0,0
hf-qwen3-8b-nscale,connected_component_number,100,100,0.0,0.0,,0,0
hf-qwen3-8b-nscale,degree,93,93,0.0,1.0,,0,0
hf-qwen3-8b-nscale,density,89,89,0.0,1.0,,0,0
hf-qwen3-8b-nscale,diameter,96,96,0.0,0.0,,0,0
hf-qwen3-8b-nscale,edge_existence,95,95,0.0,1.0,,0,0
hf-qwen3-8b-nscale,edge_number,87,87,0.0,1.0,,0,0
hf-qwen3-8b-nscale,has_cycle,83,83,0.0,0.0,,0,0
hf-qwen3-8b-nscale,neighbor,84,84,1.0,0.14285714285714285,0.14285714285714285,12,72
hf-qwen3-8b-nscale,shortest_path,96,96,0.0,1.0,,0,0
hf-qwen3-8b-nscale,triangles,100,100,0.0,1.0,,0,0
