model,library,task,base_source,n_undirected,acc_omitted,acc_stated,delta,acc_omitted_undirected,acc_stated_undirected,delta_undirected,accuracy_gain_gt_5pp
hf-deepseek-v3.1-novita,native,bridges,records,100,0.0,1.0,1.0,0.0,1.0,1.0,True
hf-deepseek-v3.1-novita,native,common_neighbor,records,100,1.0,1.0,0.0,1.0,1.0,0.0,False
hf-deepseek-v3.1-novita,native,connected_component_number,records,100,1.0,1.0,0.0,1.0,1.0,0.0,False
hf-deepseek-v3.1-novita,native,degree,records,93,1.0,1.0,0.0,1.0,1.0,0.0,False
hf-deepseek-v3.1-novita,native,density,records,89,1.0,1.0,0.0,1.0,1.0,0.0,False
hf-deepseek-v3.1-novita,native,diameter,records,96,0.89,1.0,0.10999999999999999,0.8854166666666666,1.0,0.11458333333333337,True
hf-deepseek-v3.1-novita,native,edge_existence,records,95,1.0,1.0,0.0,1.0,1.0,0.0,False
hf-deepseek-v3.1-novita,native,edge_number,records,87,1.0,1.0,0.0,1.0,1.0,0.0,False
hf-deepseek-v3.1-novita,native,has_cycle,records,83,1.0,1.0,0.0,1.0,1.0,0.0,False
hf-deepseek-v3.1-novita,native,neighbor,records,84,0.28,1.0,0.72,0.14285714285714285,1.0,0.8571428571428572,True
hf-deepseek-v3.1-novita,native,shortest_path,records,96,1.0,1.0,0.0,1.0,1.0,0.0,False
hf-deepseek-v3.1-novita,native,triangles,records,100,1.0,1.0,0.0,1.0,1.0,0.0,False
hf-deepseek-v3.1-novita,networkx,bridges,records,100,1.0,0.0,-1.0,1.0,0.0,-1.0,False
hf-deepseek-v3.1-novita,networkx,common_neighbor,records,100,1.0,1.0,0.0,1.0,1.0,0.0,False
hf-deepseek-v3.1-novita,networkx,connected_component_number,records,100,1.0,1.0,0.0,1.0,1.0,0.0,False
hf-deepseek-v3.1-novita,networkx,degree,records,93,1.0,1.0,0.0,1.0,1.0,0.0,False
hf-deepseek-v3.1-novita,networkx,density,records,89,1.0,1.0,0.0,1.0,1.0,0.0,False
hf-deepseek-v3.1-novita,networkx,diameter,records,96,1.0,0.89,-0.10999999999999999,1.0,0.8854166666666666,-0.11458333333333337,False
hf-deepseek-v3.1-novita,networkx,edge_existence,records,95,1.0,1.0,0.0,1.0,1.0,0.0,False
hf-deepseek-v3.1-novita,networkx,edge_number,records,87,1.0,1.0,0.0,1.0,1.0,0.0,False
hf-deepseek-v3.1-novita,networkx,has_cycle,records,83,0.53,1.0,0.47,0.43373493975903615,1.0,0.5662650602409638,True
hf-deepseek-v3.1-novita,networkx,neighbor,records,84,0.28,1.0,0.72,0.14285714285714285,1.0,0.8571428571428572,True
hf-deepseek-v3.1-novita,networkx,shortest_path,records,96,1.0,1.0,0.0,1.0,1.0,0.0,False
hf-deepseek-v3.1-novita,networkx,triangles,records,100,1.0,0.99,-0.010000000000000009,1.0,0.99,-0.010000000000000009,False
hf-deepseek-v4-flash,native,bridges,records,100,1.0,0.0,-1.0,1.0,0.0,-1.0,False
hf-deepseek-v4-flash,native,common_neighbor,records,100,1.0,1.0,0.0,1.0,1.0,0.0,False
hf-deepseek-v4-flash,native,connected_component_number,records,100,1.0,1.0,0.0,1.0,1.0,0.0,False
hf-deepseek-v4-flash,native,degree,records,93,1.0,1.0,0.0,1.0,1.0,0.0,False
hf-deepseek-v4-flash,native,density,records,89,1.0,0.96,-0.040000000000000036,1.0,1.0,0.0,False
hf-deepseek-v4-flash,native,diameter,records,96,1.0,1.0,0.0,1.0,1.0,0.0,False
hf-deepseek-v4-flash,native,edge_existence,records,95,1.0,1.0,0.0,1.0,1.0,0.0,False
hf-deepseek-v4-flash,native,edge_number,records,87,0.91,0.91,0.0,1.0,1.0,0.0,False
hf-deepseek-v4-flash,native,has_cycle,records,83,1.0,1.0,0.0,1.0,1.0,0.0,False
hf-deepseek-v4-flash,native,neighbor,records,84,0.28,1.0,0.72,0.14285714285714285,1.0,0.8571428571428572,True
hf-deepseek-v4-flash,native,shortest_path,records,96,1.0,1.0,0.0,1.0,1.0,0.0,False
hf-deepseek-v4-flash,native,triangles,records,100,1.0,1.0,0.0,1.0,1.0,0.0,False
hf-deepseek-v4-flash,networkx,bridges,records,100,1.0,1.0,0.0,1.0,1.0,0.0,False
hf-deepseek-v4-flash,networkx,common_neighbor,records,100,1.0,1.0,0.0,1.0,1.0,0.0,False
hf-deepseek-v4-flash,networkx,connected_component_number,records,100,1.0,1.0,0.0,1.0,1.0,0.0,False
hf-deepseek-v4-flash,networkx,degree,records,93,0.98,0.98,0.0,1.0,1.0,0.0,False
hf-deepseek-v4-flash,networkx,density,records,89,1.0,1.0,0.0,1.0,1.0,0.0,False
hf-deepseek-v4-flash,networkx,diameter,records,96,1.0,1.0,0.0,1.0,1.0,0.0,False
hf-deepseek-v4-flash,networkx,edge_existence,records,95,0.99,1.0,0.010000000000000009,0.9894736842105263,1.0,0.010526315789473717,False
hf-deepseek-v4-flash,networkx,edge_number,records,87,1.0,0.91,-0.08999999999999997,1.0,1.0,0.0,False
hf-deepseek-v4-flash,networkx,has_cycle,records,83,1.0,1.0,0.0,1.0,1.0,0.0,False
hf-deepseek-v4-flash,networkx,neighbor,records,84,0.28,1.0,0.72,0.14285714285714285,1.0,0.8571428571428572,True
hf-deepseek-v4-flash,networkx,shortest_path,records,96,1.0,1.0,0.0,1.0,1.0,0.0,False
hf-deepseek-v4-flash,networkx,triangles,records,100,1.0,1.0,0.0,1.0,1.0,0.0,False
hf-gemma-4-31b,native,bridges,records,100,1.0,1.0,0.0,1.0,1.0,0.0,False
hf-gemma-4-31b,native,common_neighbor,records,100,1.0,1.0,0.0,1.0,1.0,0.0,False
hf-gemma-4-31b,native,connected_component_number,records,100,1.0,1.0,0.0,1.0,1.0,0.0,False
hf-gemma-4-31b,native,degree,records,93,1.0,1.0,0.0,1.0,1.0,0.0,False
hf-gemma-4-31b,native,density,records,89,1.0,1.0,0.0,1.0,1.0,0.0,False
hf-gemma-4-31b,native,diameter,records,96,1.0,1.0,0.0,1.0,1.0,0.0,False
hf-gemma-4-31b,native,edge_existence,records,95,0.91,1.0,0.08999999999999997,0.9052631578947369,1.0,0.09473684210526312,True
hf-gemma-4-31b,native,edge_number,records,87,1.0,1.0,0.0,1.0,1.0,0.0,False
hf-gemma-4-31b,native,has_cycle,records,83,1.0,1.0,0.0,1.0,1.0,0.0,False
hf-gemma-4-31b,native,neighbor,records,84,0.28,1.0,0.72,0.14285714285714285,1.0,0.8571428571428572,True
hf-gemma-4-31b,native,shortest_path,records,96,1.0,1.0,0.0,1.0,1.0,0.0,False
hf-gemma-4-31b,native,triangles,records,100,1.0,1.0,0.0,1.0,1.0,0.0,False
hf-gemma-4-31b,networkx,bridges,records,100,1.0,1.0,0.0,1.0,1.0,0.0,False
hf-gemma-4-31b,networkx,common_neighbor,records,100,1.0,1.0,0.0,1.0,1.0,0.0,False
hf-gemma-4-31b,networkx,connected_component_number,records,100,1.0,1.0,0.0,1.0,1.0,0.0,False
hf-gemma-4-31b,networkx,degree,records,93,1.0,1.0,0.0,1.0,1.0,0.0,False
hf-gemma-4-31b,networkx,density,records,89,1.0,1.0,0.0,1.0,1.0,0.0,False
hf-gemma-4-31b,networkx,diameter,records,96,1.0,1.0,0.0,1.0,1.0,0.0,False
hf-gemma-4-31b,networkx,edge_existence,records,95,0.82,1.0,0.18000000000000005,0.8105263157894737,1.0,0.18947368421052635,True
hf-gemma-4-31b,networkx,edge_number,records,87,1.0,1.0,0.0,1.0,1.0,0.0,False
hf-gemma-4-31b,networkx,has_cycle,records,83,1.0,1.0,0.0,1.0,1.0,0.0,False
hf-gemma-4-31b,networkx,neighbor,records,84,0.28,1.0,0.72,0.14285714285714285,1.0,0.8571428571428572,True
hf-gemma-4-31b,networkx,shortest_path,records,96,1.0,1.0,0.0,1.0,1.0,0.0,False
hf-gemma-4-31b,networkx,triangles,records,100,1.0,1.0,0.0,1.0,1.0,0.0,False
hf-qwen3-8b-nscale,native,bridges,records,100,1.0,1.0,0.0,1.0,1.0,0.0,False
hf-qwen3-8b-nscale,native,common_neighbor,records,100,1.0,1.0,0.0,1.0,1.0,0.0,False
hf-qwen3-8b-nscale,native,connected_component_number,records,100,1.0,1.0,0.0,1.0,1.0,0.0,False
hf-qwen3-8b-nscale,native,degree,records,93,1.0,1.0,0.0,1.0,1.0,0.0,False
hf-qwen3-8b-nscale,native,density,records,89,1.0,1.0,0.0,1.0,1.0,0.0,False
hf-qwen3-8b-nscale,native,diameter,records,96,1.0,1.0,0.0,1.0,1.0,0.0,False
hf-qwen3-8b-nscale,native,edge_existence,records,95,1.0,1.0,0.0,1.0,1.0,0.0,False
hf-qwen3-8b-nscale,native,edge_number,records,87,1.0,1.0,0.0,1.0,1.0,0.0,False
hf-qwen3-8b-nscale,native,has_cycle,records,83,0.97,0.97,0.0,0.963855421686747,0.963855421686747,0.0,False
hf-qwen3-8b-nscale,native,neighbor,records,84,0.28,1.0,0.72,0.14285714285714285,1.0,0.8571428571428572,True
hf-qwen3-8b-nscale,native,shortest_path,records,96,1.0,1.0,0.0,1.0,1.0,0.0,False
hf-qwen3-8b-nscale,native,triangles,records,100,1.0,0.93,-0.06999999999999995,1.0,0.93,-0.06999999999999995,False
hf-qwen3-8b-nscale,networkx,bridges,records,100,1.0,1.0,0.0,1.0,1.0,0.0,False
hf-qwen3-8b-nscale,networkx,common_neighbor,records,100,0.0,0.0,0.0,0.0,0.0,0.0,False
hf-qwen3-8b-nscale,networkx,connected_component_number,records,100,0.0,0.0,0.0,0.0,0.0,0.0,False
hf-qwen3-8b-nscale,networkx,degree,records,93,1.0,1.0,0.0,1.0,1.0,0.0,False
hf-qwen3-8b-nscale,networkx,density,records,89,1.0,1.0,0.0,1.0,1.0,0.0,False
hf-qwen3-8b-nscale,networkx,diameter,records,96,0.0,0.0,0.0,0.0,0.0,0.0,False
hf-qwen3-8b-nscale,networkx,edge_existence,records,95,1.0,1.0,0.0,1.0,1.0,0.0,False
hf-qwen3-8b-nscale,networkx,edge_number,records,87,1.0,1.0,0.0,1.0,1.0,0.0,False
hf-qwen3-8b-nscale,networkx,has_cycle,records,83,0.0,0.0,0.0,0.0,0.0,0.0,False
hf-qwen3-8b-nscale,networkx,neighbor,records,84,0.28,1.0,0.72,0.14285714285714285,1.0,0.8571428571428572,True
hf-qwen3-8b-nscale,networkx,shortest_path,records,96,1.0,1.0,0.0,1.0,1.0,0.0,False
hf-qwen3-8b-nscale,networkx,triangles,records,100,1.0,1.0,0.0,1.0,1.0,0.0,False
