model,arm,task,n,acc_base,acc_hint,delta,ci_low,ci_high
hf-deepseek-v3.1-novita,code/native,connected_nodes,1273,0.9230164964650432,0.9819324430479183,0.05963869463869464,0.041042832167832166,0.0806267482517482
hf-deepseek-v3.1-novita,code/native,cycle_check,1274,0.9992150706436421,0.9984301412872841,-0.001048951048951049,-0.005454545454545453,0.002307692307692306
hf-deepseek-v3.1-novita,code/native,disconnected_nodes,1276,0.10893416927899686,0.11050156739811912,0.0014743589743589746,-0.0016682692307692301,0.005384615384615385
hf-deepseek-v3.1-novita,code/native,edge_count,1276,0.9992163009404389,0.9992163009404389,0.0,-0.002307692307692306,0.002307692307692306
hf-deepseek-v3.1-novita,code/native,edge_existence,1274,1.0,0.9976452119309263,-0.002307692307692306,-0.005384615384615381,0.0
hf-deepseek-v3.1-novita,code/native,node_count,1277,1.0,1.0,0.0,0.0,0.0
hf-deepseek-v3.1-novita,code/native,node_degree,1275,0.8847058823529412,1.0,0.11550233100233101,0.10463216783216779,0.12635815850815846
hf-deepseek-v3.1-novita,code/networkx,connected_nodes,1273,0.9913589945011784,0.9937156323644933,0.0025384615384615385,-0.0036153846153846115,0.00869353146853145
hf-deepseek-v3.1-novita,code/networkx,cycle_check,1274,0.9270015698587127,0.9858712715855573,0.05770396270396269,0.03311159673659673,0.08506526806526804
hf-deepseek-v3.1-novita,code/networkx,disconnected_nodes,1276,0.109717868338558,0.11050156739811912,0.0005384615384615388,-0.00223076923076923,0.003076923076923077
hf-deepseek-v3.1-novita,code/networkx,edge_count,1276,0.9984326018808778,0.975705329153605,-0.022575757575757565,-0.030407925407925383,-0.01494755244755244
hf-deepseek-v3.1-novita,code/networkx,edge_existence,1274,0.9992150706436421,0.9984301412872841,-0.0009358974358974348,-0.004076923076923074,0.0017307692307692323
hf-deepseek-v3.1-novita,code/networkx,node_count,1277,0.9984338292873923,0.9968676585747847,-0.0016025641025641025,-0.005512820512820511,0.002307692307692306
hf-deepseek-v3.1-novita,code/networkx,node_degree,1275,0.9992156862745099,0.9984313725490196,-0.0009999999999999998,-0.002999999999999999,0.0
hf-qwen3-8b-nscale,code/native,connected_nodes,1273,0.8641005498821681,0.99057344854674,0.12602913752913752,0.11561287878787875,0.13550431235431232
hf-qwen3-8b-nscale,code/native,cycle_check,1274,0.9693877551020408,0.9819466248037677,0.014321678321678325,0.003797144522144524,0.026005914918414915
hf-qwen3-8b-nscale,code/native,disconnected_nodes,1276,0.9192789968652038,0.7288401253918495,-0.189004662004662,-0.22306643356643358,-0.15827523310023311
hf-qwen3-8b-nscale,code/native,edge_count,1276,0.9443573667711599,0.9702194357366771,0.027043123543123538,0.016178292540792533,0.03807730186480184
hf-qwen3-8b-nscale,code/native,edge_existence,1274,0.9583987441130298,0.9073783359497645,-0.05014685314685315,-0.09484871794871794,-0.009095862470862488
hf-qwen3-8b-nscale,code/native,node_count,1277,0.9984338292873923,0.9937353171495693,-0.0043846153846153835,-0.011307692307692307,0.0009999999999999998
hf-qwen3-8b-nscale,code/native,node_degree,1275,0.8564705882352941,0.9019607843137255,0.04336247086247087,0.021152097902097912,0.06492497086247087
hf-qwen3-8b-nscale,code/networkx,connected_nodes,1273,0.9347996857816182,0.9402985074626866,0.005384615384615382,-0.0007692307692307687,0.011538461538461536
hf-qwen3-8b-nscale,code/networkx,cycle_check,1274,0.8508634222919937,0.7025117739403454,-0.14743589743589744,-0.17758916083916085,-0.11897639860139862
hf-qwen3-8b-nscale,code/networkx,disconnected_nodes,1276,0.5540752351097179,0.43808777429467083,-0.11611538461538458,-0.15276821095571097,-0.07902517482517488
hf-qwen3-8b-nscale,code/networkx,edge_count,1276,0.9702194357366771,0.9474921630094044,-0.022463869463869458,-0.04078088578088578,-0.006797902097902119
hf-qwen3-8b-nscale,code/networkx,edge_existence,1274,0.966248037676609,0.9489795918367347,-0.016923076923076912,-0.023846153846153833,-0.009999999999999993
hf-qwen3-8b-nscale,code/networkx,node_count,1277,0.9992169146436961,0.9898198903680501,-0.009423076923076921,-0.0175,-0.00306730769230783
hf-qwen3-8b-nscale,code/networkx,node_degree,1275,0.9545098039215686,0.9380392156862745,-0.016705128205128202,-0.02696249999999999,-0.007691025641025656
