model,arm,axis,n,acc_base,acc_hint,delta,ci_low,ci_high
hf-deepseek-v3.1-novita,code/native,canonical,700,0.8714285714285714,0.87,-0.001428571428571429,-0.004285714285714287,0.0
hf-deepseek-v3.1-novita,code/native,order,1926,0.8598130841121495,0.8665628245067497,0.00822510822510822,0.0024765512265512235,0.014502164502164495
hf-deepseek-v3.1-novita,code/native,relabel,2799,0.8595927116827439,0.8688817434798142,0.00928571428571428,0.00464285714285714,0.01428571428571428
hf-deepseek-v3.1-novita,code/native,structure,1400,0.7642857142857142,0.8742857142857143,0.10999999999999995,0.09928571428571424,0.12001785714285683
hf-deepseek-v3.1-novita,code/native,syntax,2100,0.8566666666666667,0.87,0.013333333333333326,0.00809523809523809,0.01904761904761904
hf-deepseek-v3.1-novita,code/networkx,canonical,700,0.8585714285714285,0.87,0.011428571428571423,0.0028571428571428537,0.02142857142857142
hf-deepseek-v3.1-novita,code/networkx,order,1926,0.8587746625129803,0.8686396677050883,0.009114959114959109,0.003439153439153435,0.015223665223665214
hf-deepseek-v3.1-novita,code/networkx,relabel,2799,0.8617363344051447,0.8695962843872812,0.007857142857142852,0.0028482142857142833,0.013571428571428562
hf-deepseek-v3.1-novita,code/networkx,structure,1400,0.865,0.8714285714285714,0.006428571428571429,0.0007142857142857162,0.012857142857142852
hf-deepseek-v3.1-novita,code/networkx,syntax,2100,0.8576190476190476,0.8519047619047619,-0.005714285714285708,-0.012857142857142852,0.001904761904761907
hf-qwen3-8b-nscale,code/native,canonical,700,0.9742857142857143,0.9371428571428572,-0.03714285714285716,-0.05142857142857145,-0.02428571428571429
hf-qwen3-8b-nscale,code/native,order,1926,0.9781931464174455,0.9361370716510904,-0.039426006092672765,-0.05402457110790446,-0.025090187590187628
hf-qwen3-8b-nscale,code/native,relabel,2799,0.9710610932475884,0.9167559842801001,-0.05428571428571427,-0.0657142857142857,-0.04285714285714286
hf-qwen3-8b-nscale,code/native,structure,1400,0.68,0.8892857142857142,0.20928571428571427,0.1828571428571428,0.23428571428571426
hf-qwen3-8b-nscale,code/native,syntax,2100,0.9833333333333333,0.9452380952380952,-0.03809523809523811,-0.048571428571428585,-0.028095238095238104
hf-qwen3-8b-nscale,code/networkx,canonical,700,0.9014285714285715,0.8428571428571429,-0.058571428571428566,-0.07714285714285715,-0.039999999999999994
hf-qwen3-8b-nscale,code/networkx,order,1926,0.9080996884735203,0.838006230529595,-0.07021604938271606,-0.08433356381273047,-0.05688627344877344
hf-qwen3-8b-nscale,code/networkx,relabel,2799,0.894962486602358,0.8460164344408717,-0.04896825396825399,-0.05896924603174605,-0.03829265873015875
hf-qwen3-8b-nscale,code/networkx,structure,1400,0.905,0.9114285714285715,0.006428571428571428,-0.010000000000000004,0.023571428571428566
hf-qwen3-8b-nscale,code/networkx,syntax,2100,0.8528571428571429,0.8004761904761905,-0.05238095238095238,-0.0676190476190476,-0.03666666666666667
