dataset,model,scheme,arm,n,acc,delta_vs_native,ci_lo,ci_hi,delta_vs_random_relabel,r_ci_lo,r_ci_hi
graphqa,hf-qwen3-8b-nscale,canonical,code/native,400,0.94,-0.03,-0.05385411803794936,-0.006145881962050639,-0.02041666666666666,-0.04062861102963614,-0.00020472230369717598
graphqa,hf-qwen3-8b-nscale,canonical,code/networkx,400,0.92,0.0425,0.015503986649097513,0.0694960133509025,0.03583333333333334,0.010163745514448853,0.06150292115221783
graphqa,hf-qwen3-8b-nscale,canonical,direct/-,400,0.85,-0.0075,-0.03651576401550558,0.021515764015505583,0.04000000000000001,0.009133334596390218,0.0708666654036098
graphqa,hf-qwen3-8b-nscale,canonical,graph_as_code/native,400,1.0,0.0,0.0,0.0,0.0,0.0,0.0
graphqa,hf-qwen3-8b-nscale,canonical,graph_as_code/networkx,400,0.8575,0.0,0.0,0.0,0.0,0.0,0.0
graphqa,hf-qwen3-8b-nscale,degree_wl,code/native,400,0.9575,-0.0125,-0.03146175745056441,0.006461757450564414,-0.002916666666666663,-0.020007695884566197,0.01417436255123287
graphqa,hf-qwen3-8b-nscale,degree_wl,code/networkx,400,0.8675,-0.01,-0.037735947919938555,0.017735947919938558,-0.016666666666666666,-0.044468106880668344,0.011134773547335011
graphqa,hf-qwen3-8b-nscale,degree_wl,direct/-,400,0.835,-0.0225,-0.053836926818948604,0.008836926818948605,0.02500000000000001,-0.0030289811030728107,0.05302898110307283
graphqa,hf-qwen3-8b-nscale,degree_wl,graph_as_code/native,400,1.0,0.0,0.0,0.0,0.0,0.0,0.0
graphqa,hf-qwen3-8b-nscale,degree_wl,graph_as_code/networkx,400,0.8575,0.0,0.0,0.0,0.0,0.0,0.0
graphqa,hf-qwen3-8b-nscale,bfs_min,code/native,400,0.97,0.0,-0.01201753105390533,0.01201753105390533,0.009583333333333334,-0.005218369752123404,0.02438503641879007
graphqa,hf-qwen3-8b-nscale,bfs_min,code/networkx,400,0.88,0.0025,-0.019981403621035985,0.024981403621035982,-0.004166666666666662,-0.025672831066960722,0.017339497733627397
graphqa,hf-qwen3-8b-nscale,bfs_min,direct/-,400,0.8175,-0.04,-0.07230608003174549,-0.007693919968254519,0.0075000000000000075,-0.023217164436730452,0.03821716443673047
graphqa,hf-qwen3-8b-nscale,bfs_min,graph_as_code/native,400,1.0,0.0,0.0,0.0,0.0,0.0,0.0
graphqa,hf-qwen3-8b-nscale,bfs_min,graph_as_code/networkx,400,0.8575,0.0,0.0,0.0,0.0,0.0,0.0
graphqa,hf-deepseek-v3.1-novita,canonical,code/native,400,0.87,-0.0075,-0.015965751435544337,0.0009657514355443392,0.011666666666666667,0.00039440949800637927,0.022938923835326953
graphqa,hf-deepseek-v3.1-novita,canonical,code/networkx,400,0.88,0.01,0.00023691161891678525,0.019763088381083215,0.0075,0.0016496622113150242,0.013350337788684975
graphqa,hf-deepseek-v3.1-novita,canonical,direct/-,400,0.825,0.01,-0.010791833754558373,0.030791833754558372,0.023333333333333334,0.005565561295261676,0.04110110537140499
graphqa,hf-deepseek-v3.1-novita,canonical,graph_as_code/native,400,0.88,0.0,0.0,0.0,0.0,0.0,0.0
graphqa,hf-deepseek-v3.1-novita,canonical,graph_as_code/networkx,400,0.88,0.0,0.0,0.0,0.0,0.0,0.0
graphqa,hf-deepseek-v3.1-novita,degree_wl,code/native,400,0.86,-0.0175,-0.030366337146948516,-0.0046336628530514856,0.0016666666666666674,-0.008144243439689915,0.01147757677302325
graphqa,hf-deepseek-v3.1-novita,degree_wl,code/networkx,400,0.8675,-0.0025,-0.010994136264341006,0.0059941362643410045,-0.0049999999999999975,-0.015331401441744837,0.005331401441744842
graphqa,hf-deepseek-v3.1-novita,degree_wl,direct/-,400,0.795,-0.02,-0.045886554120054796,0.005886554120054798,-0.006666666666666662,-0.026685199989896293,0.013351866656562971
graphqa,hf-deepseek-v3.1-novita,degree_wl,graph_as_code/native,400,0.88,0.0,0.0,0.0,0.0,0.0,0.0
graphqa,hf-deepseek-v3.1-novita,degree_wl,graph_as_code/networkx,400,0.88,0.0,0.0,0.0,0.0,0.0,0.0
graphqa,hf-deepseek-v3.1-novita,bfs_min,code/native,400,0.8725,-0.005,-0.011920957240353898,0.0019209572403538974,0.014166666666666668,0.0018983275676071418,0.026435005765726195
graphqa,hf-deepseek-v3.1-novita,bfs_min,code/networkx,400,0.8625,-0.0075,-0.018445743384787258,0.0034457433847872587,-0.009999999999999998,-0.021751992075337328,0.001751992075337331
graphqa,hf-deepseek-v3.1-novita,bfs_min,direct/-,400,0.8,-0.015,-0.037964702128694135,0.007964702128694136,-0.0016666666666666629,-0.023606966667636425,0.0202736333343031
graphqa,hf-deepseek-v3.1-novita,bfs_min,graph_as_code/native,400,0.88,0.0,0.0,0.0,0.0,0.0,0.0
graphqa,hf-deepseek-v3.1-novita,bfs_min,graph_as_code/networkx,400,0.88,0.0,0.0,0.0,0.0,0.0,0.0
graphqa,hf-gemma-4-31b,canonical,code/native,400,0.985,0.0075,-0.0054595389240052455,0.020459538924005247,0.0125,0.0015983262189666406,0.02340167378103336
graphqa,hf-gemma-4-31b,canonical,code/networkx,400,0.98,0.0,-0.01699535540267275,0.01699535540267275,0.012500000000000004,-0.00042233887905990253,0.02542233887905991
graphqa,hf-gemma-4-31b,canonical,direct/-,400,0.8925,-0.0125,-0.025422338879059904,0.00042233887905990253,0.005833333333333334,-0.0023235028552993113,0.013990169521965978
graphqa,hf-gemma-4-31b,canonical,graph_as_code/native,400,0.9925,0.025,0.006807558924632966,0.04319244107536704,0.015,0.005578457764799403,0.024421542235200596
graphqa,hf-gemma-4-31b,canonical,graph_as_code/networkx,400,1.0,0.0,0.0,0.0,0.0008333333333333334,-0.0007999999999999998,0.0024666666666666665
graphqa,hf-deepseek-v4-flash,canonical,code/native,400,0.7825,-0.0125,-0.03014675309332689,0.005146753093326888,-0.012499999999999997,-0.027704406486548136,0.0027044064865481415
graphqa,hf-deepseek-v4-flash,canonical,code/networkx,400,0.825,-0.01,-0.030791833754558372,0.010791833754558373,-0.0066666666666666645,-0.022339023478301252,0.009005690144967923
graphqa,hf-deepseek-v4-flash,canonical,direct/-,400,0.8475,0.005,-0.014618412404248153,0.024618412404248155,0.03291666666666667,0.01333650492274513,0.05249682841058821
graphqa,hf-deepseek-v4-flash,canonical,graph_as_code/native,400,0.88,0.0,0.0,0.0,0.0,0.0,0.0
graphqa,hf-deepseek-v4-flash,canonical,graph_as_code/networkx,400,0.765,0.0025,-0.008467711782973964,0.013467711782973965,-0.0008333333333333328,-0.008327134540345327,0.006660467873678661
