dataset,mode,library,rung,model,accuracy,n,transcription,construction,logic,no_computation,execution,format,unverifiable
erdos,code,native,prose,hf-deepseek-v3.1-novita,0.9983333333333333,1200,0.0008333333333333334,0.0,0.0,0.0,0.0008333333333333334,0.0,0.0
erdos,code,native,json,hf-deepseek-v3.1-novita,0.995,1200,0.0008333333333333334,0.0,0.0016666666666666668,0.0,0.0025,0.0,0.0
erdos,code,native,networkx_code,hf-deepseek-v3.1-novita,0.9991666666666666,1200,0.0008333333333333334,0.0,0.0,0.0,0.0,0.0,0.0
erdos,graph_as_code,native,injected,hf-deepseek-v3.1-novita,0.8475,1200,0.0,0.0,0.06916666666666667,0.0,0.08333333333333333,0.0,0.0
erdos,code,networkx,prose,hf-deepseek-v3.1-novita,0.9916666666666667,1200,0.0008333333333333334,0.0,0.0025,0.0,0.0025,0.0025,0.0
erdos,code,networkx,json,hf-deepseek-v3.1-novita,0.9958333333333333,1200,0.0,0.0,0.0025,0.0,0.0008333333333333334,0.0008333333333333334,0.0
erdos,code,networkx,networkx_code,hf-deepseek-v3.1-novita,0.9958333333333333,1200,0.0,0.0,0.0,0.0,0.004166666666666667,0.0,0.0
erdos,graph_as_code,networkx,injected,hf-deepseek-v3.1-novita,0.9008333333333334,1200,0.0,0.0,0.09916666666666667,0.0,0.0,0.0,0.0
erdos,code,native,prose,hf-deepseek-v4-flash,0.9808333333333333,1200,0.0,0.0,0.010833333333333334,0.0,0.008333333333333333,0.0,0.0
erdos,code,native,json,hf-deepseek-v4-flash,0.9741666666666666,1200,0.0,0.0,0.0075,0.0,0.018333333333333333,0.0,0.0
erdos,code,native,networkx_code,hf-deepseek-v4-flash,0.9783333333333334,1200,0.0,0.0,0.01,0.0,0.011666666666666667,0.0,0.0
erdos,graph_as_code,native,injected,hf-deepseek-v4-flash,0.9325,1200,0.0,0.0,0.0675,0.0,0.0,0.0,0.0
erdos,code,networkx,prose,hf-deepseek-v4-flash,0.9925,1200,0.0,0.0,0.0075,0.0,0.0,0.0,0.0
erdos,code,networkx,json,hf-deepseek-v4-flash,0.9966666666666667,1200,0.0,0.0,0.0033333333333333335,0.0,0.0,0.0,0.0
erdos,code,networkx,networkx_code,hf-deepseek-v4-flash,0.7058333333333333,1200,0.0,0.0,0.005,0.0,0.2891666666666667,0.0,0.0
erdos,graph_as_code,networkx,injected,hf-deepseek-v4-flash,0.9375,1200,0.0,0.0,0.06166666666666667,0.0,0.0008333333333333334,0.0,0.0
erdos,code,native,prose,hf-gemma-4-31b,1.0,1200,0.0,0.0,0.0,0.0,0.0,0.0,0.0
erdos,code,native,json,hf-gemma-4-31b,1.0,1200,0.0,0.0,0.0,0.0,0.0,0.0,0.0
erdos,code,native,networkx_code,hf-gemma-4-31b,0.9958333333333333,1200,0.0,0.0,0.0,0.0,0.004166666666666667,0.0,0.0
erdos,graph_as_code,native,injected,hf-gemma-4-31b,0.9325,1200,0.0,0.0,0.0675,0.0,0.0,0.0,0.0
erdos,code,networkx,prose,hf-gemma-4-31b,1.0,1200,0.0,0.0,0.0,0.0,0.0,0.0,0.0
erdos,code,networkx,json,hf-gemma-4-31b,0.9975,1200,0.0,0.0,0.0,0.0,0.0025,0.0,0.0
erdos,code,networkx,networkx_code,hf-gemma-4-31b,0.995,1200,0.0,0.0,0.0,0.0,0.005,0.0,0.0
erdos,graph_as_code,networkx,injected,hf-gemma-4-31b,0.925,1200,0.0,0.0,0.075,0.0,0.0,0.0,0.0
erdos,code,native,prose,hf-qwen3-8b-nscale,0.95,1200,0.0016666666666666668,0.0,0.04416666666666667,0.0,0.004166666666666667,0.0,0.0
erdos,code,native,json,hf-qwen3-8b-nscale,0.9141666666666667,1200,0.0008333333333333334,0.0,0.07916666666666666,0.0,0.005833333333333334,0.0,0.0
erdos,code,native,networkx_code,hf-qwen3-8b-nscale,0.9225,1200,0.0,0.0,0.07083333333333333,0.0,0.006666666666666667,0.0,0.0
erdos,graph_as_code,native,injected,hf-qwen3-8b-nscale,0.9375,1200,0.0,0.0,0.0625,0.0,0.0,0.0,0.0
erdos,code,networkx,prose,hf-qwen3-8b-nscale,0.7325,1200,0.0008333333333333334,0.0,0.014166666666666666,0.0,0.2525,0.0,0.0
erdos,code,networkx,json,hf-qwen3-8b-nscale,0.6991666666666667,1200,0.0008333333333333334,0.0,0.0033333333333333335,0.0,0.2966666666666667,0.0,0.0
erdos,code,networkx,networkx_code,hf-qwen3-8b-nscale,0.5508333333333333,1200,0.0,0.0,0.0075,0.0,0.44166666666666665,0.0,0.0
erdos,graph_as_code,networkx,injected,hf-qwen3-8b-nscale,0.6066666666666667,1200,0.0,0.0,0.06,0.0,0.3333333333333333,0.0,0.0
