dataset,model,arm,probe,k,n,base_acc,vote_acc,vote_delta,flag_rate,errors,caught,recall,errors_answered,caught_answered,recall_answered,precision,p_wrong_given_agree,p_wrong_given_disagree,abstain_coverage,abstain_acc
erdos,hf-qwen3-8b-nscale,code/native,relabel,2,1200,0.95,0.9541666666666667,0.004166666666666667,0.09083333333333334,60,30,0.5,55,25,0.45454545454545453,0.27522935779816515,0.027497708524289642,0.27522935779816515,0.9091666666666667,0.9725022914757103
erdos,hf-qwen3-8b-nscale,code/native,relabel,3,1200,0.95,0.955,0.005,0.11833333333333333,60,35,0.5833333333333334,55,30,0.5454545454545454,0.24647887323943662,0.023629489603024575,0.24647887323943662,0.8816666666666667,0.9763705103969754
erdos,hf-qwen3-8b-nscale,code/native,relabel,4,1200,0.95,0.9591666666666666,0.009166666666666667,0.14,60,42,0.7,55,37,0.6727272727272727,0.25,0.01744186046511628,0.25,0.86,0.9825581395348837
erdos,hf-qwen3-8b-nscale,code/native,relabel,all,1200,0.95,0.9591666666666666,0.009166666666666667,0.14,60,42,0.7,55,37,0.6727272727272727,0.25,0.01744186046511628,0.25,0.86,0.9825581395348837
erdos,hf-qwen3-8b-nscale,code/native,order,2,1200,0.95,0.9541666666666667,0.004166666666666667,0.0775,60,24,0.4,55,19,0.34545454545454546,0.25806451612903225,0.032520325203252036,0.25806451612903225,0.9225,0.967479674796748
erdos,hf-qwen3-8b-nscale,code/native,order,3,1200,0.95,0.9591666666666666,0.009166666666666667,0.11666666666666667,60,35,0.5833333333333334,55,30,0.5454545454545454,0.25,0.02358490566037736,0.25,0.8833333333333333,0.9764150943396226
erdos,hf-qwen3-8b-nscale,code/native,order,4,1200,0.95,0.9608333333333333,0.010833333333333334,0.135,60,37,0.6166666666666667,55,32,0.5818181818181818,0.22839506172839505,0.022157996146435453,0.22839506172839505,0.865,0.9778420038535646
erdos,hf-qwen3-8b-nscale,code/native,order,all,1200,0.95,0.9608333333333333,0.010833333333333334,0.135,60,37,0.6166666666666667,55,32,0.5818181818181818,0.22839506172839505,0.022157996146435453,0.22839506172839505,0.865,0.9778420038535646
erdos,hf-qwen3-8b-nscale,code/native,both,2,1200,0.95,0.9541666666666667,0.004166666666666667,0.0775,60,24,0.4,55,19,0.34545454545454546,0.25806451612903225,0.032520325203252036,0.25806451612903225,0.9225,0.967479674796748
erdos,hf-qwen3-8b-nscale,code/native,both,3,1200,0.95,0.9591666666666666,0.009166666666666667,0.11666666666666667,60,35,0.5833333333333334,55,30,0.5454545454545454,0.25,0.02358490566037736,0.25,0.8833333333333333,0.9764150943396226
erdos,hf-qwen3-8b-nscale,code/native,both,4,1200,0.95,0.9616666666666667,0.011666666666666667,0.13583333333333333,60,37,0.6166666666666667,55,32,0.5818181818181818,0.22699386503067484,0.022179363548698167,0.22699386503067484,0.8641666666666666,0.9778206364513018
erdos,hf-qwen3-8b-nscale,code/native,both,all,1200,0.95,0.96,0.01,0.17083333333333334,60,45,0.75,55,40,0.7272727272727273,0.21951219512195122,0.01507537688442211,0.21951219512195122,0.8291666666666667,0.9849246231155779
erdos,hf-qwen3-8b-nscale,code/native,relabel@matched,2,1200,0.95,0.9541666666666667,0.004166666666666667,0.09083333333333334,60,30,0.5,55,25,0.45454545454545453,0.27522935779816515,0.027497708524289642,0.27522935779816515,0.9091666666666667,0.9725022914757103
erdos,hf-qwen3-8b-nscale,code/native,order@matched,2,1200,0.95,0.9541666666666667,0.004166666666666667,0.0775,60,24,0.4,55,19,0.34545454545454546,0.25806451612903225,0.032520325203252036,0.25806451612903225,0.9225,0.967479674796748
erdos,hf-qwen3-8b-nscale,code/native,relabel@matched,3,1191,0.9496221662468514,0.9546599496221663,0.005037783375314861,0.11922753988245172,60,35,0.5833333333333334,55,30,0.5454545454545454,0.24647887323943662,0.023832221163012392,0.24647887323943662,0.8807724601175483,0.9761677788369876
erdos,hf-qwen3-8b-nscale,code/native,order@matched,3,1191,0.9496221662468514,0.9588581024349286,0.009235936188077247,0.11754827875734676,60,35,0.5833333333333334,55,30,0.5454545454545454,0.25,0.023786869647954328,0.25,0.8824517212426533,0.9762131303520457
erdos,hf-qwen3-8b-nscale,code/native,relabel@matched,4,1133,0.9488084730803178,0.9567519858781994,0.00794351279788173,0.14033539276257723,58,40,0.6896551724137931,54,36,0.6666666666666666,0.25157232704402516,0.018480492813141684,0.25157232704402516,0.8596646072374228,0.9815195071868583
erdos,hf-qwen3-8b-nscale,code/native,order@matched,4,1133,0.9488084730803178,0.9593998234774934,0.01059135039717564,0.13680494263018536,58,35,0.603448275862069,54,31,0.5740740740740741,0.22580645161290322,0.023517382413087935,0.22580645161290322,0.8631950573698146,0.976482617586912
erdos,hf-qwen3-8b-nscale,code/networkx,relabel,2,1200,0.7325,0.765,0.0325,0.335,321,311,0.9688473520249221,18,8,0.4444444444444444,0.7736318407960199,0.012531328320802004,0.7736318407960199,0.665,0.9874686716791979
erdos,hf-qwen3-8b-nscale,code/networkx,relabel,3,1200,0.7325,0.7783333333333333,0.04583333333333333,0.37416666666666665,321,313,0.9750778816199377,18,10,0.5555555555555556,0.6971046770601337,0.010652463382157125,0.6971046770601337,0.6258333333333334,0.9893475366178429
erdos,hf-qwen3-8b-nscale,code/networkx,relabel,4,1200,0.7325,0.7841666666666667,0.051666666666666666,0.3925,321,313,0.9750778816199377,18,10,0.5555555555555556,0.6645435244161358,0.010973936899862825,0.6645435244161358,0.6075,0.9890260631001372
erdos,hf-qwen3-8b-nscale,code/networkx,relabel,all,1200,0.7325,0.7841666666666667,0.051666666666666666,0.3925,321,313,0.9750778816199377,18,10,0.5555555555555556,0.6645435244161358,0.010973936899862825,0.6645435244161358,0.6075,0.9890260631001372
erdos,hf-qwen3-8b-nscale,code/networkx,order,2,1200,0.7325,0.76,0.0275,0.30833333333333335,321,308,0.9595015576323987,18,5,0.2777777777777778,0.8324324324324325,0.01566265060240964,0.8324324324324325,0.6916666666666667,0.9843373493975903
erdos,hf-qwen3-8b-nscale,code/networkx,order,3,1200,0.7325,0.7783333333333333,0.04583333333333333,0.3675,321,310,0.9657320872274143,18,7,0.3888888888888889,0.7029478458049887,0.014492753623188406,0.7029478458049887,0.6325,0.9855072463768116
erdos,hf-qwen3-8b-nscale,code/networkx,order,4,1200,0.7325,0.7816666666666666,0.049166666666666664,0.37916666666666665,321,310,0.9657320872274143,18,7,0.3888888888888889,0.6813186813186813,0.01476510067114094,0.6813186813186813,0.6208333333333333,0.9852348993288591
erdos,hf-qwen3-8b-nscale,code/networkx,order,all,1200,0.7325,0.7816666666666666,0.049166666666666664,0.37916666666666665,321,310,0.9657320872274143,18,7,0.3888888888888889,0.6813186813186813,0.01476510067114094,0.6813186813186813,0.6208333333333333,0.9852348993288591
erdos,hf-qwen3-8b-nscale,code/networkx,both,2,1200,0.7325,0.76,0.0275,0.30833333333333335,321,308,0.9595015576323987,18,5,0.2777777777777778,0.8324324324324325,0.01566265060240964,0.8324324324324325,0.6916666666666667,0.9843373493975903
erdos,hf-qwen3-8b-nscale,code/networkx,both,3,1200,0.7325,0.7783333333333333,0.04583333333333333,0.3675,321,310,0.9657320872274143,18,7,0.3888888888888889,0.7029478458049887,0.014492753623188406,0.7029478458049887,0.6325,0.9855072463768116
erdos,hf-qwen3-8b-nscale,code/networkx,both,4,1200,0.7325,0.7841666666666667,0.051666666666666666,0.38,321,310,0.9657320872274143,18,7,0.3888888888888889,0.6798245614035088,0.01478494623655914,0.6798245614035088,0.62,0.9852150537634409
erdos,hf-qwen3-8b-nscale,code/networkx,both,all,1200,0.7325,0.7966666666666666,0.06416666666666666,0.4225,321,313,0.9750778816199377,18,10,0.5555555555555556,0.6173570019723866,0.011544011544011544,0.6173570019723866,0.5775,0.9884559884559885
erdos,hf-qwen3-8b-nscale,code/networkx,relabel@matched,2,1200,0.7325,0.765,0.0325,0.335,321,311,0.9688473520249221,18,8,0.4444444444444444,0.7736318407960199,0.012531328320802004,0.7736318407960199,0.665,0.9874686716791979
erdos,hf-qwen3-8b-nscale,code/networkx,order@matched,2,1200,0.7325,0.76,0.0275,0.30833333333333335,321,308,0.9595015576323987,18,5,0.2777777777777778,0.8324324324324325,0.01566265060240964,0.8324324324324325,0.6916666666666667,0.9843373493975903
erdos,hf-qwen3-8b-nscale,code/networkx,relabel@matched,3,1191,0.7338371116708649,0.7791771620486986,0.04534005037783375,0.37279596977329976,317,309,0.9747634069400631,18,10,0.5555555555555556,0.6959459459459459,0.0107095046854083,0.6959459459459459,0.6272040302267002,0.9892904953145917
erdos,hf-qwen3-8b-nscale,code/networkx,order@matched,3,1191,0.7338371116708649,0.780016792611251,0.04617968094038623,0.3669185558354324,317,306,0.9652996845425867,18,7,0.3888888888888889,0.700228832951945,0.014588859416445624,0.700228832951945,0.6330814441645676,0.9854111405835544
erdos,hf-qwen3-8b-nscale,code/networkx,relabel@matched,4,1133,0.736098852603707,0.7881729920564872,0.05207413945278023,0.38923212709620475,299,291,0.9732441471571907,17,9,0.5294117647058824,0.6598639455782312,0.011560693641618497,0.6598639455782312,0.6107678729037952,0.9884393063583815
erdos,hf-qwen3-8b-nscale,code/networkx,order@matched,4,1133,0.736098852603707,0.7872903795233892,0.05119152691968226,0.3795233892321271,299,288,0.9632107023411371,17,6,0.35294117647058826,0.6697674418604651,0.015647226173541962,0.6697674418604651,0.6204766107678729,0.984352773826458
erdos,hf-qwen3-8b-nscale,direct,relabel,2,1200,0.7116666666666667,0.7141666666666666,0.0025,0.41583333333333333,346,309,0.8930635838150289,328,291,0.8871951219512195,0.6192384769539078,0.052781740370898715,0.6192384769539078,0.5841666666666666,0.9472182596291013
erdos,hf-qwen3-8b-nscale,direct,relabel,3,1200,0.7116666666666667,0.7108333333333333,-0.0008333333333333334,0.495,346,332,0.9595375722543352,328,314,0.9573170731707317,0.5589225589225589,0.0231023102310231,0.5589225589225589,0.505,0.976897689768977
erdos,hf-qwen3-8b-nscale,direct,relabel,4,1200,0.7116666666666667,0.7141666666666666,0.0025,0.5208333333333334,346,340,0.9826589595375722,328,322,0.9817073170731707,0.544,0.010434782608695653,0.544,0.4791666666666667,0.9895652173913043
erdos,hf-qwen3-8b-nscale,direct,relabel,all,1200,0.7116666666666667,0.7141666666666666,0.0025,0.5208333333333334,346,340,0.9826589595375722,328,322,0.9817073170731707,0.544,0.010434782608695653,0.544,0.4791666666666667,0.9895652173913043
erdos,hf-qwen3-8b-nscale,direct,order,2,1200,0.7116666666666667,0.7141666666666666,0.0025,0.35833333333333334,346,292,0.8439306358381503,328,274,0.8353658536585366,0.6790697674418604,0.07012987012987013,0.6790697674418604,0.6416666666666667,0.9298701298701298
erdos,hf-qwen3-8b-nscale,direct,order,3,1200,0.7116666666666667,0.7216666666666667,0.01,0.4716666666666667,346,329,0.9508670520231214,328,311,0.948170731707317,0.5812720848056537,0.026813880126182965,0.5812720848056537,0.5283333333333333,0.973186119873817
erdos,hf-qwen3-8b-nscale,direct,order,4,1200,0.7116666666666667,0.715,0.0033333333333333335,0.49333333333333335,346,334,0.9653179190751445,328,316,0.9634146341463414,0.5641891891891891,0.019736842105263157,0.5641891891891891,0.5066666666666667,0.9802631578947368
erdos,hf-qwen3-8b-nscale,direct,order,all,1200,0.7116666666666667,0.715,0.0033333333333333335,0.49333333333333335,346,334,0.9653179190751445,328,316,0.9634146341463414,0.5641891891891891,0.019736842105263157,0.5641891891891891,0.5066666666666667,0.9802631578947368
erdos,hf-qwen3-8b-nscale,direct,both,2,1200,0.7116666666666667,0.7141666666666666,0.0025,0.35833333333333334,346,292,0.8439306358381503,328,274,0.8353658536585366,0.6790697674418604,0.07012987012987013,0.6790697674418604,0.6416666666666667,0.9298701298701298
erdos,hf-qwen3-8b-nscale,direct,both,3,1200,0.7116666666666667,0.7216666666666667,0.01,0.4716666666666667,346,329,0.9508670520231214,328,311,0.948170731707317,0.5812720848056537,0.026813880126182965,0.5812720848056537,0.5283333333333333,0.973186119873817
erdos,hf-qwen3-8b-nscale,direct,both,4,1200,0.7116666666666667,0.7158333333333333,0.004166666666666667,0.49583333333333335,346,334,0.9653179190751445,328,316,0.9634146341463414,0.561344537815126,0.019834710743801654,0.561344537815126,0.5041666666666667,0.9801652892561984
erdos,hf-qwen3-8b-nscale,direct,both,all,1200,0.7116666666666667,0.735,0.023333333333333334,0.5733333333333334,346,345,0.9971098265895953,328,327,0.9969512195121951,0.501453488372093,0.001953125,0.501453488372093,0.4266666666666667,0.998046875
erdos,hf-qwen3-8b-nscale,direct,relabel@matched,2,1200,0.7116666666666667,0.7141666666666666,0.0025,0.41583333333333333,346,309,0.8930635838150289,328,291,0.8871951219512195,0.6192384769539078,0.052781740370898715,0.6192384769539078,0.5841666666666666,0.9472182596291013
erdos,hf-qwen3-8b-nscale,direct,order@matched,2,1200,0.7116666666666667,0.7141666666666666,0.0025,0.35833333333333334,346,292,0.8439306358381503,328,274,0.8353658536585366,0.6790697674418604,0.07012987012987013,0.6790697674418604,0.6416666666666667,0.9298701298701298
erdos,hf-qwen3-8b-nscale,direct,relabel@matched,3,1191,0.709487825356843,0.7086481947942905,-0.0008396305625524769,0.4979009235936188,346,332,0.9595375722543352,328,314,0.9573170731707317,0.5598650927487352,0.023411371237458192,0.5598650927487352,0.5020990764063812,0.9765886287625418
erdos,hf-qwen3-8b-nscale,direct,order@matched,3,1191,0.709487825356843,0.7195633921074727,0.010075566750629723,0.47523089840470195,346,329,0.9508670520231214,328,311,0.948170731707317,0.5812720848056537,0.0272,0.5812720848056537,0.5247691015952981,0.9728
erdos,hf-qwen3-8b-nscale,direct,relabel@matched,4,1133,0.6972639011473963,0.6990291262135923,0.00176522506619594,0.5401588702559577,343,337,0.9825072886297376,325,319,0.9815384615384616,0.5506535947712419,0.011516314779270634,0.5506535947712419,0.45984112974404234,0.9884836852207294
erdos,hf-qwen3-8b-nscale,direct,order@matched,4,1133,0.6972639011473963,0.6999117387466902,0.00264783759929391,0.5154457193292145,343,331,0.9650145772594753,325,313,0.963076923076923,0.5667808219178082,0.02185792349726776,0.5667808219178082,0.48455428067078554,0.9781420765027322
erdos,hf-qwen3-8b-nscale,graph_as_code/native,relabel,2,1200,0.9375,0.9375,0.0,0.03333333333333333,75,0,0.0,75,0,0.0,0.0,0.06465517241379311,0.0,0.9666666666666667,0.9353448275862069
erdos,hf-qwen3-8b-nscale,graph_as_code/native,relabel,3,1200,0.9375,0.9375,0.0,0.045,75,1,0.013333333333333334,75,1,0.013333333333333334,0.018518518518518517,0.06457242582897033,0.018518518518518517,0.955,0.9354275741710296
erdos,hf-qwen3-8b-nscale,graph_as_code/native,relabel,4,1200,0.9375,0.9375,0.0,0.05,75,2,0.02666666666666667,75,2,0.02666666666666667,0.03333333333333333,0.06403508771929825,0.03333333333333333,0.95,0.9359649122807018
erdos,hf-qwen3-8b-nscale,graph_as_code/native,relabel,all,1200,0.9375,0.9375,0.0,0.05,75,2,0.02666666666666667,75,2,0.02666666666666667,0.03333333333333333,0.06403508771929825,0.03333333333333333,0.95,0.9359649122807018
erdos,hf-qwen3-8b-nscale,graph_as_code/native,order,2,1200,0.9375,0.9375,0.0,0.025833333333333333,75,0,0.0,75,0,0.0,0.0,0.0641573994867408,0.0,0.9741666666666666,0.9358426005132592
erdos,hf-qwen3-8b-nscale,graph_as_code/native,order,3,1200,0.9375,0.9375,0.0,0.04083333333333333,75,0,0.0,75,0,0.0,0.0,0.06516072980017376,0.0,0.9591666666666666,0.9348392701998263
erdos,hf-qwen3-8b-nscale,graph_as_code/native,order,4,1200,0.9375,0.9375,0.0,0.041666666666666664,75,0,0.0,75,0,0.0,0.0,0.06521739130434782,0.0,0.9583333333333334,0.9347826086956522
erdos,hf-qwen3-8b-nscale,graph_as_code/native,order,all,1200,0.9375,0.9375,0.0,0.041666666666666664,75,0,0.0,75,0,0.0,0.0,0.06521739130434782,0.0,0.9583333333333334,0.9347826086956522
erdos,hf-qwen3-8b-nscale,graph_as_code/native,both,2,1200,0.9375,0.9375,0.0,0.025833333333333333,75,0,0.0,75,0,0.0,0.0,0.0641573994867408,0.0,0.9741666666666666,0.9358426005132592
erdos,hf-qwen3-8b-nscale,graph_as_code/native,both,3,1200,0.9375,0.9375,0.0,0.04083333333333333,75,0,0.0,75,0,0.0,0.0,0.06516072980017376,0.0,0.9591666666666666,0.9348392701998263
erdos,hf-qwen3-8b-nscale,graph_as_code/native,both,4,1200,0.9375,0.9375,0.0,0.041666666666666664,75,0,0.0,75,0,0.0,0.0,0.06521739130434782,0.0,0.9583333333333334,0.9347826086956522
erdos,hf-qwen3-8b-nscale,graph_as_code/native,both,all,1200,0.9375,0.9375,0.0,0.051666666666666666,75,2,0.02666666666666667,75,2,0.02666666666666667,0.03225806451612903,0.0641476274165202,0.03225806451612903,0.9483333333333334,0.9358523725834798
erdos,hf-qwen3-8b-nscale,graph_as_code/native,relabel@matched,2,1200,0.9375,0.9375,0.0,0.03333333333333333,75,0,0.0,75,0,0.0,0.0,0.06465517241379311,0.0,0.9666666666666667,0.9353448275862069
erdos,hf-qwen3-8b-nscale,graph_as_code/native,order@matched,2,1200,0.9375,0.9375,0.0,0.025833333333333333,75,0,0.0,75,0,0.0,0.0,0.0641573994867408,0.0,0.9741666666666666,0.9358426005132592
erdos,hf-qwen3-8b-nscale,graph_as_code/native,relabel@matched,3,1191,0.9370277078085643,0.9370277078085643,0.0,0.04534005037783375,75,1,0.013333333333333334,75,1,0.013333333333333334,0.018518518518518517,0.06508355321020229,0.018518518518518517,0.9546599496221663,0.9349164467897977
erdos,hf-qwen3-8b-nscale,graph_as_code/native,order@matched,3,1191,0.9370277078085643,0.9370277078085643,0.0,0.04114189756507137,75,0,0.0,75,0,0.0,0.0,0.06567425569176882,0.0,0.9588581024349286,0.9343257443082311
erdos,hf-qwen3-8b-nscale,graph_as_code/native,relabel@matched,4,1133,0.93909973521624,0.93909973521624,0.0,0.05030891438658429,69,2,0.028985507246376812,69,2,0.028985507246376812,0.03508771929824561,0.062267657992565055,0.03508771929824561,0.9496910856134158,0.9377323420074349
erdos,hf-qwen3-8b-nscale,graph_as_code/native,order@matched,4,1133,0.93909973521624,0.93909973521624,0.0,0.04148278905560459,69,0,0.0,69,0,0.0,0.0,0.06353591160220995,0.0,0.9585172109443955,0.93646408839779
erdos,hf-qwen3-8b-nscale,graph_as_code/networkx,relabel,2,1200,0.6066666666666667,0.6066666666666667,0.0,0.36666666666666664,472,400,0.847457627118644,72,0,0.0,0.9090909090909091,0.09473684210526316,0.9090909090909091,0.6333333333333333,0.9052631578947369
erdos,hf-qwen3-8b-nscale,graph_as_code/networkx,relabel,3,1200,0.6066666666666667,0.6066666666666667,0.0,0.37666666666666665,472,400,0.847457627118644,72,0,0.0,0.8849557522123894,0.0962566844919786,0.8849557522123894,0.6233333333333333,0.9037433155080213
erdos,hf-qwen3-8b-nscale,graph_as_code/networkx,relabel,4,1200,0.6066666666666667,0.6066666666666667,0.0,0.37916666666666665,472,400,0.847457627118644,72,0,0.0,0.8791208791208791,0.09664429530201342,0.8791208791208791,0.6208333333333333,0.9033557046979865
erdos,hf-qwen3-8b-nscale,graph_as_code/networkx,relabel,all,1200,0.6066666666666667,0.6066666666666667,0.0,0.37916666666666665,472,400,0.847457627118644,72,0,0.0,0.8791208791208791,0.09664429530201342,0.8791208791208791,0.6208333333333333,0.9033557046979865
erdos,hf-qwen3-8b-nscale,graph_as_code/networkx,order,2,1200,0.6066666666666667,0.6066666666666667,0.0,0.3516666666666667,472,400,0.847457627118644,72,0,0.0,0.9478672985781991,0.09254498714652956,0.9478672985781991,0.6483333333333333,0.9074550128534704
erdos,hf-qwen3-8b-nscale,graph_as_code/networkx,order,3,1200,0.6066666666666667,0.6066666666666667,0.0,0.37166666666666665,472,400,0.847457627118644,72,0,0.0,0.8968609865470852,0.09549071618037135,0.8968609865470852,0.6283333333333333,0.9045092838196287
erdos,hf-qwen3-8b-nscale,graph_as_code/networkx,order,4,1200,0.6066666666666667,0.6066666666666667,0.0,0.3725,472,400,0.847457627118644,72,0,0.0,0.8948545861297539,0.09561752988047809,0.8948545861297539,0.6275,0.9043824701195219
erdos,hf-qwen3-8b-nscale,graph_as_code/networkx,order,all,1200,0.6066666666666667,0.6066666666666667,0.0,0.3725,472,400,0.847457627118644,72,0,0.0,0.8948545861297539,0.09561752988047809,0.8948545861297539,0.6275,0.9043824701195219
erdos,hf-qwen3-8b-nscale,graph_as_code/networkx,both,2,1200,0.6066666666666667,0.6066666666666667,0.0,0.3516666666666667,472,400,0.847457627118644,72,0,0.0,0.9478672985781991,0.09254498714652956,0.9478672985781991,0.6483333333333333,0.9074550128534704
erdos,hf-qwen3-8b-nscale,graph_as_code/networkx,both,3,1200,0.6066666666666667,0.6066666666666667,0.0,0.37166666666666665,472,400,0.847457627118644,72,0,0.0,0.8968609865470852,0.09549071618037135,0.8968609865470852,0.6283333333333333,0.9045092838196287
erdos,hf-qwen3-8b-nscale,graph_as_code/networkx,both,4,1200,0.6066666666666667,0.6066666666666667,0.0,0.3725,472,400,0.847457627118644,72,0,0.0,0.8948545861297539,0.09561752988047809,0.8948545861297539,0.6275,0.9043824701195219
erdos,hf-qwen3-8b-nscale,graph_as_code/networkx,both,all,1200,0.6066666666666667,0.6066666666666667,0.0,0.38083333333333336,472,400,0.847457627118644,72,0,0.0,0.87527352297593,0.09690444145356662,0.87527352297593,0.6191666666666666,0.9030955585464334
erdos,hf-qwen3-8b-nscale,graph_as_code/networkx,relabel@matched,2,1200,0.6066666666666667,0.6066666666666667,0.0,0.36666666666666664,472,400,0.847457627118644,72,0,0.0,0.9090909090909091,0.09473684210526316,0.9090909090909091,0.6333333333333333,0.9052631578947369
erdos,hf-qwen3-8b-nscale,graph_as_code/networkx,order@matched,2,1200,0.6066666666666667,0.6066666666666667,0.0,0.3516666666666667,472,400,0.847457627118644,72,0,0.0,0.9478672985781991,0.09254498714652956,0.9478672985781991,0.6483333333333333,0.9074550128534704
erdos,hf-qwen3-8b-nscale,graph_as_code/networkx,relabel@matched,3,1191,0.6070528967254408,0.6070528967254408,0.0,0.37615449202350965,468,396,0.8461538461538461,72,0,0.0,0.8839285714285714,0.09690444145356662,0.8839285714285714,0.6238455079764903,0.9030955585464334
erdos,hf-qwen3-8b-nscale,graph_as_code/networkx,order@matched,3,1191,0.6070528967254408,0.6070528967254408,0.0,0.3711167086481948,468,396,0.8461538461538461,72,0,0.0,0.8959276018099548,0.09612817089452604,0.8959276018099548,0.6288832913518052,0.9038718291054739
erdos,hf-qwen3-8b-nscale,graph_as_code/networkx,relabel@matched,4,1133,0.6125330979699912,0.6125330979699912,0.0,0.37511032656663723,439,373,0.8496583143507973,66,0,0.0,0.8776470588235294,0.09322033898305085,0.8776470588235294,0.6248896734333628,0.9067796610169492
erdos,hf-qwen3-8b-nscale,graph_as_code/networkx,order@matched,4,1133,0.6125330979699912,0.6125330979699912,0.0,0.36893203883495146,439,373,0.8496583143507973,66,0,0.0,0.8923444976076556,0.09230769230769231,0.8923444976076556,0.6310679611650486,0.9076923076923077
erdos,hf-deepseek-v3.1-novita,code/native,relabel,2,1200,0.9983333333333333,0.9991666666666666,0.0008333333333333334,0.03916666666666667,2,2,1.0,1,1,1.0,0.0425531914893617,0.0,0.0425531914893617,0.9608333333333333,1.0
erdos,hf-deepseek-v3.1-novita,code/native,relabel,3,1200,0.9983333333333333,1.0,0.0016666666666666668,0.055,2,2,1.0,1,1,1.0,0.030303030303030304,0.0,0.030303030303030304,0.945,1.0
erdos,hf-deepseek-v3.1-novita,code/native,relabel,4,1200,0.9983333333333333,1.0,0.0016666666666666668,0.065,2,2,1.0,1,1,1.0,0.02564102564102564,0.0,0.02564102564102564,0.935,1.0
erdos,hf-deepseek-v3.1-novita,code/native,relabel,all,1200,0.9983333333333333,1.0,0.0016666666666666668,0.065,2,2,1.0,1,1,1.0,0.02564102564102564,0.0,0.02564102564102564,0.935,1.0
erdos,hf-deepseek-v3.1-novita,code/native,order,2,1200,0.9983333333333333,0.9991666666666666,0.0008333333333333334,0.03166666666666667,2,2,1.0,1,1,1.0,0.05263157894736842,0.0,0.05263157894736842,0.9683333333333334,1.0
erdos,hf-deepseek-v3.1-novita,code/native,order,3,1200,0.9983333333333333,1.0,0.0016666666666666668,0.056666666666666664,2,2,1.0,1,1,1.0,0.029411764705882353,0.0,0.029411764705882353,0.9433333333333334,1.0
erdos,hf-deepseek-v3.1-novita,code/native,order,4,1200,0.9983333333333333,1.0,0.0016666666666666668,0.059166666666666666,2,2,1.0,1,1,1.0,0.028169014084507043,0.0,0.028169014084507043,0.9408333333333333,1.0
erdos,hf-deepseek-v3.1-novita,code/native,order,all,1200,0.9983333333333333,1.0,0.0016666666666666668,0.059166666666666666,2,2,1.0,1,1,1.0,0.028169014084507043,0.0,0.028169014084507043,0.9408333333333333,1.0
erdos,hf-deepseek-v3.1-novita,code/native,both,2,1200,0.9983333333333333,0.9991666666666666,0.0008333333333333334,0.03166666666666667,2,2,1.0,1,1,1.0,0.05263157894736842,0.0,0.05263157894736842,0.9683333333333334,1.0
erdos,hf-deepseek-v3.1-novita,code/native,both,3,1200,0.9983333333333333,1.0,0.0016666666666666668,0.056666666666666664,2,2,1.0,1,1,1.0,0.029411764705882353,0.0,0.029411764705882353,0.9433333333333334,1.0
erdos,hf-deepseek-v3.1-novita,code/native,both,4,1200,0.9983333333333333,1.0,0.0016666666666666668,0.059166666666666666,2,2,1.0,1,1,1.0,0.028169014084507043,0.0,0.028169014084507043,0.9408333333333333,1.0
erdos,hf-deepseek-v3.1-novita,code/native,both,all,1200,0.9983333333333333,1.0,0.0016666666666666668,0.08083333333333333,2,2,1.0,1,1,1.0,0.020618556701030927,0.0,0.020618556701030927,0.9191666666666667,1.0
erdos,hf-deepseek-v3.1-novita,code/native,relabel@matched,2,1200,0.9983333333333333,0.9991666666666666,0.0008333333333333334,0.03916666666666667,2,2,1.0,1,1,1.0,0.0425531914893617,0.0,0.0425531914893617,0.9608333333333333,1.0
erdos,hf-deepseek-v3.1-novita,code/native,order@matched,2,1200,0.9983333333333333,0.9991666666666666,0.0008333333333333334,0.03166666666666667,2,2,1.0,1,1,1.0,0.05263157894736842,0.0,0.05263157894736842,0.9683333333333334,1.0
erdos,hf-deepseek-v3.1-novita,code/native,relabel@matched,3,1191,0.998320738874895,1.0,0.0016792611251049538,0.055415617128463476,2,2,1.0,1,1,1.0,0.030303030303030304,0.0,0.030303030303030304,0.9445843828715366,1.0
erdos,hf-deepseek-v3.1-novita,code/native,order@matched,3,1191,0.998320738874895,1.0,0.0016792611251049538,0.05709487825356843,2,2,1.0,1,1,1.0,0.029411764705882353,0.0,0.029411764705882353,0.9429051217464316,1.0
erdos,hf-deepseek-v3.1-novita,code/native,relabel@matched,4,1133,0.9982347749338041,1.0,0.00176522506619594,0.06619593998234775,2,2,1.0,1,1,1.0,0.02666666666666667,0.0,0.02666666666666667,0.9338040600176523,1.0
erdos,hf-deepseek-v3.1-novita,code/native,order@matched,4,1133,0.9982347749338041,1.0,0.00176522506619594,0.06001765225066196,2,2,1.0,1,1,1.0,0.029411764705882353,0.0,0.029411764705882353,0.9399823477493381,1.0
erdos,hf-deepseek-v3.1-novita,code/networkx,relabel,2,1200,0.9916666666666667,0.9958333333333333,0.004166666666666667,0.04833333333333333,10,8,0.8,4,2,0.5,0.13793103448275862,0.0017513134851138354,0.13793103448275862,0.9516666666666667,0.9982486865148862
erdos,hf-deepseek-v3.1-novita,code/networkx,relabel,3,1200,0.9916666666666667,0.9975,0.005833333333333334,0.07083333333333333,10,9,0.9,4,3,0.75,0.10588235294117647,0.0008968609865470852,0.10588235294117647,0.9291666666666667,0.9991031390134529
erdos,hf-deepseek-v3.1-novita,code/networkx,relabel,4,1200,0.9916666666666667,0.9983333333333333,0.006666666666666667,0.07916666666666666,10,10,1.0,4,4,1.0,0.10526315789473684,0.0,0.10526315789473684,0.9208333333333333,1.0
erdos,hf-deepseek-v3.1-novita,code/networkx,relabel,all,1200,0.9916666666666667,0.9983333333333333,0.006666666666666667,0.07916666666666666,10,10,1.0,4,4,1.0,0.10526315789473684,0.0,0.10526315789473684,0.9208333333333333,1.0
erdos,hf-deepseek-v3.1-novita,code/networkx,order,2,1200,0.9916666666666667,0.995,0.0033333333333333335,0.034166666666666665,10,9,0.9,4,3,0.75,0.21951219512195122,0.0008628127696289905,0.21951219512195122,0.9658333333333333,0.999137187230371
erdos,hf-deepseek-v3.1-novita,code/networkx,order,3,1200,0.9916666666666667,0.9991666666666666,0.0075,0.06583333333333333,10,10,1.0,4,4,1.0,0.12658227848101267,0.0,0.12658227848101267,0.9341666666666667,1.0
erdos,hf-deepseek-v3.1-novita,code/networkx,order,4,1200,0.9916666666666667,0.9991666666666666,0.0075,0.07166666666666667,10,10,1.0,4,4,1.0,0.11627906976744186,0.0,0.11627906976744186,0.9283333333333333,1.0
erdos,hf-deepseek-v3.1-novita,code/networkx,order,all,1200,0.9916666666666667,0.9991666666666666,0.0075,0.07166666666666667,10,10,1.0,4,4,1.0,0.11627906976744186,0.0,0.11627906976744186,0.9283333333333333,1.0
erdos,hf-deepseek-v3.1-novita,code/networkx,both,2,1200,0.9916666666666667,0.995,0.0033333333333333335,0.034166666666666665,10,9,0.9,4,3,0.75,0.21951219512195122,0.0008628127696289905,0.21951219512195122,0.9658333333333333,0.999137187230371
erdos,hf-deepseek-v3.1-novita,code/networkx,both,3,1200,0.9916666666666667,0.9991666666666666,0.0075,0.06583333333333333,10,10,1.0,4,4,1.0,0.12658227848101267,0.0,0.12658227848101267,0.9341666666666667,1.0
erdos,hf-deepseek-v3.1-novita,code/networkx,both,4,1200,0.9916666666666667,0.9991666666666666,0.0075,0.07166666666666667,10,10,1.0,4,4,1.0,0.11627906976744186,0.0,0.11627906976744186,0.9283333333333333,1.0
erdos,hf-deepseek-v3.1-novita,code/networkx,both,all,1200,0.9916666666666667,1.0,0.008333333333333333,0.10083333333333333,10,10,1.0,4,4,1.0,0.08264462809917356,0.0,0.08264462809917356,0.8991666666666667,1.0
erdos,hf-deepseek-v3.1-novita,code/networkx,relabel@matched,2,1200,0.9916666666666667,0.9958333333333333,0.004166666666666667,0.04833333333333333,10,8,0.8,4,2,0.5,0.13793103448275862,0.0017513134851138354,0.13793103448275862,0.9516666666666667,0.9982486865148862
erdos,hf-deepseek-v3.1-novita,code/networkx,order@matched,2,1200,0.9916666666666667,0.995,0.0033333333333333335,0.034166666666666665,10,9,0.9,4,3,0.75,0.21951219512195122,0.0008628127696289905,0.21951219512195122,0.9658333333333333,0.999137187230371
erdos,hf-deepseek-v3.1-novita,code/networkx,relabel@matched,3,1191,0.9916036943744753,0.9974811083123426,0.005877413937867338,0.07052896725440806,10,9,0.9,4,3,0.75,0.10714285714285714,0.0009033423667570009,0.10714285714285714,0.929471032745592,0.999096657633243
erdos,hf-deepseek-v3.1-novita,code/networkx,order@matched,3,1191,0.9916036943744753,0.9991603694374476,0.007556675062972292,0.0654911838790932,10,10,1.0,4,4,1.0,0.1282051282051282,0.0,0.1282051282051282,0.9345088161209067,1.0
erdos,hf-deepseek-v3.1-novita,code/networkx,relabel@matched,4,1133,0.9911738746690203,0.9982347749338041,0.00706090026478376,0.07855251544571933,10,10,1.0,4,4,1.0,0.11235955056179775,0.0,0.11235955056179775,0.9214474845542807,1.0
erdos,hf-deepseek-v3.1-novita,code/networkx,order@matched,4,1133,0.9911738746690203,0.999117387466902,0.00794351279788173,0.07237422771403354,10,10,1.0,4,4,1.0,0.12195121951219512,0.0,0.12195121951219512,0.9276257722859664,1.0
erdos,hf-deepseek-v3.1-novita,direct,relabel,2,1200,0.9633333333333334,0.9691666666666666,0.005833333333333334,0.1075,44,40,0.9090909090909091,29,25,0.8620689655172413,0.31007751937984496,0.003734827264239029,0.31007751937984496,0.8925,0.996265172735761
erdos,hf-deepseek-v3.1-novita,direct,relabel,3,1200,0.9633333333333334,0.9783333333333334,0.015,0.14833333333333334,44,42,0.9545454545454546,29,27,0.9310344827586207,0.23595505617977527,0.0019569471624266144,0.23595505617977527,0.8516666666666667,0.9980430528375733
erdos,hf-deepseek-v3.1-novita,direct,relabel,4,1200,0.9633333333333334,0.98,0.016666666666666666,0.17,44,42,0.9545454545454546,29,27,0.9310344827586207,0.20588235294117646,0.002008032128514056,0.20588235294117646,0.83,0.9979919678714859
erdos,hf-deepseek-v3.1-novita,direct,relabel,all,1200,0.9633333333333334,0.98,0.016666666666666666,0.17,44,42,0.9545454545454546,29,27,0.9310344827586207,0.20588235294117646,0.002008032128514056,0.20588235294117646,0.83,0.9979919678714859
erdos,hf-deepseek-v3.1-novita,direct,order,2,1200,0.9633333333333334,0.97,0.006666666666666667,0.09083333333333334,44,40,0.9090909090909091,29,25,0.8620689655172413,0.3669724770642202,0.0036663611365719525,0.3669724770642202,0.9091666666666667,0.9963336388634281
erdos,hf-deepseek-v3.1-novita,direct,order,3,1200,0.9633333333333334,0.9808333333333333,0.0175,0.1275,44,41,0.9318181818181818,29,26,0.896551724137931,0.2679738562091503,0.0028653295128939827,0.2679738562091503,0.8725,0.997134670487106
erdos,hf-deepseek-v3.1-novita,direct,order,4,1200,0.9633333333333334,0.9833333333333333,0.02,0.14833333333333334,44,41,0.9318181818181818,29,26,0.896551724137931,0.2303370786516854,0.0029354207436399216,0.2303370786516854,0.8516666666666667,0.99706457925636
erdos,hf-deepseek-v3.1-novita,direct,order,all,1200,0.9633333333333334,0.9833333333333333,0.02,0.14833333333333334,44,41,0.9318181818181818,29,26,0.896551724137931,0.2303370786516854,0.0029354207436399216,0.2303370786516854,0.8516666666666667,0.99706457925636
erdos,hf-deepseek-v3.1-novita,direct,both,2,1200,0.9633333333333334,0.97,0.006666666666666667,0.09083333333333334,44,40,0.9090909090909091,29,25,0.8620689655172413,0.3669724770642202,0.0036663611365719525,0.3669724770642202,0.9091666666666667,0.9963336388634281
erdos,hf-deepseek-v3.1-novita,direct,both,3,1200,0.9633333333333334,0.9808333333333333,0.0175,0.1275,44,41,0.9318181818181818,29,26,0.896551724137931,0.2679738562091503,0.0028653295128939827,0.2679738562091503,0.8725,0.997134670487106
erdos,hf-deepseek-v3.1-novita,direct,both,4,1200,0.9633333333333334,0.9833333333333333,0.02,0.14833333333333334,44,41,0.9318181818181818,29,26,0.896551724137931,0.2303370786516854,0.0029354207436399216,0.2303370786516854,0.8516666666666667,0.99706457925636
erdos,hf-deepseek-v3.1-novita,direct,both,all,1200,0.9633333333333334,0.9883333333333333,0.025,0.20583333333333334,44,42,0.9545454545454546,29,27,0.9310344827586207,0.1700404858299595,0.002098635886673662,0.1700404858299595,0.7941666666666667,0.9979013641133263
erdos,hf-deepseek-v3.1-novita,direct,relabel@matched,2,1200,0.9633333333333334,0.9691666666666666,0.005833333333333334,0.1075,44,40,0.9090909090909091,29,25,0.8620689655172413,0.31007751937984496,0.003734827264239029,0.31007751937984496,0.8925,0.996265172735761
erdos,hf-deepseek-v3.1-novita,direct,order@matched,2,1200,0.9633333333333334,0.97,0.006666666666666667,0.09083333333333334,44,40,0.9090909090909091,29,25,0.8620689655172413,0.3669724770642202,0.0036663611365719525,0.3669724770642202,0.9091666666666667,0.9963336388634281
erdos,hf-deepseek-v3.1-novita,direct,relabel@matched,3,1191,0.963056255247691,0.9781696053736356,0.015113350125944584,0.1494542401343409,44,42,0.9545454545454546,29,27,0.9310344827586207,0.23595505617977527,0.0019743336623889436,0.23595505617977527,0.8505457598656591,0.998025666337611
erdos,hf-deepseek-v3.1-novita,direct,order@matched,3,1191,0.963056255247691,0.980688497061293,0.017632241813602016,0.12846347607052896,44,41,0.9318181818181818,29,26,0.896551724137931,0.2679738562091503,0.002890173410404624,0.2679738562091503,0.871536523929471,0.9971098265895953
erdos,hf-deepseek-v3.1-novita,direct,relabel@matched,4,1133,0.9611650485436893,0.9788172992056487,0.0176522506619594,0.17740511915269197,44,42,0.9545454545454546,29,27,0.9310344827586207,0.208955223880597,0.002145922746781116,0.208955223880597,0.822594880847308,0.9978540772532188
erdos,hf-deepseek-v3.1-novita,direct,order@matched,4,1133,0.9611650485436893,0.9823477493380406,0.02118270079435128,0.1553398058252427,44,41,0.9318181818181818,29,26,0.896551724137931,0.23295454545454544,0.003134796238244514,0.23295454545454544,0.8446601941747572,0.9968652037617555
erdos,hf-deepseek-v3.1-novita,graph_as_code/native,relabel,2,1200,0.8475,0.8475,0.0,0.12333333333333334,183,105,0.5737704918032787,83,5,0.060240963855421686,0.7094594594594594,0.0741444866920152,0.7094594594594594,0.8766666666666667,0.9258555133079848
erdos,hf-deepseek-v3.1-novita,graph_as_code/native,relabel,3,1200,0.8475,0.8491666666666666,0.0016666666666666668,0.1375,183,108,0.5901639344262295,83,8,0.0963855421686747,0.6545454545454545,0.07246376811594203,0.6545454545454545,0.8625,0.927536231884058
erdos,hf-deepseek-v3.1-novita,graph_as_code/native,relabel,4,1200,0.8475,0.8483333333333334,0.0008333333333333334,0.14166666666666666,183,108,0.5901639344262295,83,8,0.0963855421686747,0.6352941176470588,0.07281553398058252,0.6352941176470588,0.8583333333333333,0.9271844660194175
erdos,hf-deepseek-v3.1-novita,graph_as_code/native,relabel,all,1200,0.8475,0.8483333333333334,0.0008333333333333334,0.14166666666666666,183,108,0.5901639344262295,83,8,0.0963855421686747,0.6352941176470588,0.07281553398058252,0.6352941176470588,0.8583333333333333,0.9271844660194175
erdos,hf-deepseek-v3.1-novita,graph_as_code/native,order,2,1200,0.8475,0.8475,0.0,0.1125,183,102,0.5573770491803278,83,2,0.024096385542168676,0.7555555555555555,0.07605633802816901,0.7555555555555555,0.8875,0.923943661971831
erdos,hf-deepseek-v3.1-novita,graph_as_code/native,order,3,1200,0.8475,0.8466666666666667,-0.0008333333333333334,0.13,183,104,0.5683060109289617,83,4,0.04819277108433735,0.6666666666666666,0.07567049808429119,0.6666666666666666,0.87,0.9243295019157088
erdos,hf-deepseek-v3.1-novita,graph_as_code/native,order,4,1200,0.8475,0.8475,0.0,0.13083333333333333,183,104,0.5683060109289617,83,4,0.04819277108433735,0.6624203821656051,0.07574304889741132,0.6624203821656051,0.8691666666666666,0.9242569511025887
erdos,hf-deepseek-v3.1-novita,graph_as_code/native,order,all,1200,0.8475,0.8475,0.0,0.13083333333333333,183,104,0.5683060109289617,83,4,0.04819277108433735,0.6624203821656051,0.07574304889741132,0.6624203821656051,0.8691666666666666,0.9242569511025887
erdos,hf-deepseek-v3.1-novita,graph_as_code/native,both,2,1200,0.8475,0.8475,0.0,0.1125,183,102,0.5573770491803278,83,2,0.024096385542168676,0.7555555555555555,0.07605633802816901,0.7555555555555555,0.8875,0.923943661971831
erdos,hf-deepseek-v3.1-novita,graph_as_code/native,both,3,1200,0.8475,0.8466666666666667,-0.0008333333333333334,0.13,183,104,0.5683060109289617,83,4,0.04819277108433735,0.6666666666666666,0.07567049808429119,0.6666666666666666,0.87,0.9243295019157088
erdos,hf-deepseek-v3.1-novita,graph_as_code/native,both,4,1200,0.8475,0.8475,0.0,0.13166666666666665,183,105,0.5737704918032787,83,5,0.060240963855421686,0.6645569620253164,0.07485604606525911,0.6645569620253164,0.8683333333333333,0.9251439539347409
erdos,hf-deepseek-v3.1-novita,graph_as_code/native,both,all,1200,0.8475,0.8475,0.0,0.14583333333333334,183,109,0.5956284153005464,83,9,0.10843373493975904,0.6228571428571429,0.0721951219512195,0.6228571428571429,0.8541666666666666,0.9278048780487805
erdos,hf-deepseek-v3.1-novita,graph_as_code/native,relabel@matched,2,1200,0.8475,0.8475,0.0,0.12333333333333334,183,105,0.5737704918032787,83,5,0.060240963855421686,0.7094594594594594,0.0741444866920152,0.7094594594594594,0.8766666666666667,0.9258555133079848
erdos,hf-deepseek-v3.1-novita,graph_as_code/native,order@matched,2,1200,0.8475,0.8475,0.0,0.1125,183,102,0.5573770491803278,83,2,0.024096385542168676,0.7555555555555555,0.07605633802816901,0.7555555555555555,0.8875,0.923943661971831
erdos,hf-deepseek-v3.1-novita,graph_as_code/native,relabel@matched,3,1191,0.8463476070528967,0.8480268681780017,0.0016792611251049538,0.1385390428211587,183,108,0.5901639344262295,83,8,0.0963855421686747,0.6545454545454545,0.07309941520467836,0.6545454545454545,0.8614609571788413,0.9269005847953217
erdos,hf-deepseek-v3.1-novita,graph_as_code/native,order@matched,3,1191,0.8463476070528967,0.8455079764903443,-0.0008396305625524769,0.1309823677581864,183,104,0.5683060109289617,83,4,0.04819277108433735,0.6666666666666666,0.07632850241545894,0.6666666666666666,0.8690176322418136,0.923671497584541
erdos,hf-deepseek-v3.1-novita,graph_as_code/native,relabel@matched,4,1133,0.8473080317740512,0.8481906443071492,0.00088261253309797,0.14386584289496912,173,104,0.6011560693641619,76,7,0.09210526315789473,0.6380368098159509,0.0711340206185567,0.6380368098159509,0.8561341571050309,0.9288659793814433
erdos,hf-deepseek-v3.1-novita,graph_as_code/native,order@matched,4,1133,0.8473080317740512,0.8473080317740512,0.0,0.13327449249779347,173,101,0.5838150289017341,76,4,0.05263157894736842,0.6688741721854304,0.07331975560081466,0.6688741721854304,0.8667255075022066,0.9266802443991853
erdos,hf-deepseek-v3.1-novita,graph_as_code/networkx,relabel,2,1200,0.9008333333333334,0.9008333333333334,0.0,0.035,119,0,0.0,119,0,0.0,0.0,0.10276338514680483,0.0,0.965,0.8972366148531952
erdos,hf-deepseek-v3.1-novita,graph_as_code/networkx,relabel,3,1200,0.9008333333333334,0.9008333333333334,0.0,0.04666666666666667,119,0,0.0,119,0,0.0,0.0,0.10402097902097902,0.0,0.9533333333333334,0.8959790209790209
erdos,hf-deepseek-v3.1-novita,graph_as_code/networkx,relabel,4,1200,0.9008333333333334,0.9008333333333334,0.0,0.05,119,0,0.0,119,0,0.0,0.0,0.10438596491228071,0.0,0.95,0.8956140350877193
erdos,hf-deepseek-v3.1-novita,graph_as_code/networkx,relabel,all,1200,0.9008333333333334,0.9008333333333334,0.0,0.05,119,0,0.0,119,0,0.0,0.0,0.10438596491228071,0.0,0.95,0.8956140350877193
erdos,hf-deepseek-v3.1-novita,graph_as_code/networkx,order,2,1200,0.9008333333333334,0.9008333333333334,0.0,0.018333333333333333,119,0,0.0,119,0,0.0,0.0,0.10101867572156197,0.0,0.9816666666666667,0.898981324278438
erdos,hf-deepseek-v3.1-novita,graph_as_code/networkx,order,3,1200,0.9008333333333334,0.9008333333333334,0.0,0.03833333333333333,119,0,0.0,119,0,0.0,0.0,0.10311958405545928,0.0,0.9616666666666667,0.8968804159445407
erdos,hf-deepseek-v3.1-novita,graph_as_code/networkx,order,4,1200,0.9008333333333334,0.9008333333333334,0.0,0.03916666666666667,119,0,0.0,119,0,0.0,0.0,0.10320901994796183,0.0,0.9608333333333333,0.8967909800520382
erdos,hf-deepseek-v3.1-novita,graph_as_code/networkx,order,all,1200,0.9008333333333334,0.9008333333333334,0.0,0.03916666666666667,119,0,0.0,119,0,0.0,0.0,0.10320901994796183,0.0,0.9608333333333333,0.8967909800520382
erdos,hf-deepseek-v3.1-novita,graph_as_code/networkx,both,2,1200,0.9008333333333334,0.9008333333333334,0.0,0.018333333333333333,119,0,0.0,119,0,0.0,0.0,0.10101867572156197,0.0,0.9816666666666667,0.898981324278438
erdos,hf-deepseek-v3.1-novita,graph_as_code/networkx,both,3,1200,0.9008333333333334,0.9008333333333334,0.0,0.03833333333333333,119,0,0.0,119,0,0.0,0.0,0.10311958405545928,0.0,0.9616666666666667,0.8968804159445407
erdos,hf-deepseek-v3.1-novita,graph_as_code/networkx,both,4,1200,0.9008333333333334,0.9008333333333334,0.0,0.03916666666666667,119,0,0.0,119,0,0.0,0.0,0.10320901994796183,0.0,0.9608333333333333,0.8967909800520382
erdos,hf-deepseek-v3.1-novita,graph_as_code/networkx,both,all,1200,0.9008333333333334,0.9008333333333334,0.0,0.051666666666666666,119,0,0.0,119,0,0.0,0.0,0.10456942003514938,0.0,0.9483333333333334,0.8954305799648506
erdos,hf-deepseek-v3.1-novita,graph_as_code/networkx,relabel@matched,2,1200,0.9008333333333334,0.9008333333333334,0.0,0.035,119,0,0.0,119,0,0.0,0.0,0.10276338514680483,0.0,0.965,0.8972366148531952
erdos,hf-deepseek-v3.1-novita,graph_as_code/networkx,order@matched,2,1200,0.9008333333333334,0.9008333333333334,0.0,0.018333333333333333,119,0,0.0,119,0,0.0,0.0,0.10101867572156197,0.0,0.9816666666666667,0.898981324278438
erdos,hf-deepseek-v3.1-novita,graph_as_code/networkx,relabel@matched,3,1191,0.9000839630562553,0.9000839630562553,0.0,0.047019311502938706,119,0,0.0,119,0,0.0,0.0,0.10484581497797357,0.0,0.9529806884970613,0.8951541850220265
erdos,hf-deepseek-v3.1-novita,graph_as_code/networkx,order@matched,3,1191,0.9000839630562553,0.9000839630562553,0.0,0.038623005877413935,119,0,0.0,119,0,0.0,0.0,0.10393013100436681,0.0,0.961376994122586,0.8960698689956332
erdos,hf-deepseek-v3.1-novita,graph_as_code/networkx,relabel@matched,4,1133,0.9020300088261254,0.9020300088261254,0.0,0.05030891438658429,111,0,0.0,111,0,0.0,0.0,0.10315985130111524,0.0,0.9496910856134158,0.8968401486988847
erdos,hf-deepseek-v3.1-novita,graph_as_code/networkx,order@matched,4,1133,0.9020300088261254,0.9020300088261254,0.0,0.03971756398940865,111,0,0.0,111,0,0.0,0.0,0.10202205882352941,0.0,0.9602824360105914,0.8979779411764706
erdos,hf-gemma-4-31b,code/native,relabel,2,1200,1.0,1.0,0.0,0.034166666666666665,0,0,,0,0,,0.0,0.0,0.0,0.9658333333333333,1.0
erdos,hf-gemma-4-31b,code/native,relabel,3,1200,1.0,1.0,0.0,0.04416666666666667,0,0,,0,0,,0.0,0.0,0.0,0.9558333333333333,1.0
erdos,hf-gemma-4-31b,code/native,relabel,4,1200,1.0,1.0,0.0,0.0475,0,0,,0,0,,0.0,0.0,0.0,0.9525,1.0
erdos,hf-gemma-4-31b,code/native,relabel,all,1200,1.0,1.0,0.0,0.0475,0,0,,0,0,,0.0,0.0,0.0,0.9525,1.0
erdos,hf-gemma-4-31b,code/native,order,2,1200,1.0,1.0,0.0,0.025833333333333333,0,0,,0,0,,0.0,0.0,0.0,0.9741666666666666,1.0
erdos,hf-gemma-4-31b,code/native,order,3,1200,1.0,1.0,0.0,0.0425,0,0,,0,0,,0.0,0.0,0.0,0.9575,1.0
erdos,hf-gemma-4-31b,code/native,order,4,1200,1.0,1.0,0.0,0.043333333333333335,0,0,,0,0,,0.0,0.0,0.0,0.9566666666666667,1.0
erdos,hf-gemma-4-31b,code/native,order,all,1200,1.0,1.0,0.0,0.043333333333333335,0,0,,0,0,,0.0,0.0,0.0,0.9566666666666667,1.0
erdos,hf-gemma-4-31b,code/native,both,2,1200,1.0,1.0,0.0,0.025833333333333333,0,0,,0,0,,0.0,0.0,0.0,0.9741666666666666,1.0
erdos,hf-gemma-4-31b,code/native,both,3,1200,1.0,1.0,0.0,0.0425,0,0,,0,0,,0.0,0.0,0.0,0.9575,1.0
erdos,hf-gemma-4-31b,code/native,both,4,1200,1.0,1.0,0.0,0.043333333333333335,0,0,,0,0,,0.0,0.0,0.0,0.9566666666666667,1.0
erdos,hf-gemma-4-31b,code/native,both,all,1200,1.0,1.0,0.0,0.05,0,0,,0,0,,0.0,0.0,0.0,0.95,1.0
erdos,hf-gemma-4-31b,code/native,relabel@matched,2,1200,1.0,1.0,0.0,0.034166666666666665,0,0,,0,0,,0.0,0.0,0.0,0.9658333333333333,1.0
erdos,hf-gemma-4-31b,code/native,order@matched,2,1200,1.0,1.0,0.0,0.025833333333333333,0,0,,0,0,,0.0,0.0,0.0,0.9741666666666666,1.0
erdos,hf-gemma-4-31b,code/native,relabel@matched,3,1191,1.0,1.0,0.0,0.04450041981528128,0,0,,0,0,,0.0,0.0,0.0,0.9554995801847187,1.0
erdos,hf-gemma-4-31b,code/native,order@matched,3,1191,1.0,1.0,0.0,0.042821158690176324,0,0,,0,0,,0.0,0.0,0.0,0.9571788413098237,1.0
erdos,hf-gemma-4-31b,code/native,relabel@matched,4,1133,1.0,1.0,0.0,0.04766107678729038,0,0,,0,0,,0.0,0.0,0.0,0.9523389232127096,1.0
erdos,hf-gemma-4-31b,code/native,order@matched,4,1133,1.0,1.0,0.0,0.04324801412180053,0,0,,0,0,,0.0,0.0,0.0,0.9567519858781994,1.0
erdos,hf-gemma-4-31b,code/networkx,relabel,2,1200,1.0,1.0,0.0,0.034166666666666665,0,0,,0,0,,0.0,0.0,0.0,0.9658333333333333,1.0
erdos,hf-gemma-4-31b,code/networkx,relabel,3,1200,1.0,1.0,0.0,0.045,0,0,,0,0,,0.0,0.0,0.0,0.955,1.0
erdos,hf-gemma-4-31b,code/networkx,relabel,4,1200,1.0,1.0,0.0,0.04833333333333333,0,0,,0,0,,0.0,0.0,0.0,0.9516666666666667,1.0
erdos,hf-gemma-4-31b,code/networkx,relabel,all,1200,1.0,1.0,0.0,0.04833333333333333,0,0,,0,0,,0.0,0.0,0.0,0.9516666666666667,1.0
erdos,hf-gemma-4-31b,code/networkx,order,2,1200,1.0,1.0,0.0,0.018333333333333333,0,0,,0,0,,0.0,0.0,0.0,0.9816666666666667,1.0
erdos,hf-gemma-4-31b,code/networkx,order,3,1200,1.0,1.0,0.0,0.03833333333333333,0,0,,0,0,,0.0,0.0,0.0,0.9616666666666667,1.0
erdos,hf-gemma-4-31b,code/networkx,order,4,1200,1.0,1.0,0.0,0.03916666666666667,0,0,,0,0,,0.0,0.0,0.0,0.9608333333333333,1.0
erdos,hf-gemma-4-31b,code/networkx,order,all,1200,1.0,1.0,0.0,0.03916666666666667,0,0,,0,0,,0.0,0.0,0.0,0.9608333333333333,1.0
erdos,hf-gemma-4-31b,code/networkx,both,2,1200,1.0,1.0,0.0,0.018333333333333333,0,0,,0,0,,0.0,0.0,0.0,0.9816666666666667,1.0
erdos,hf-gemma-4-31b,code/networkx,both,3,1200,1.0,1.0,0.0,0.03833333333333333,0,0,,0,0,,0.0,0.0,0.0,0.9616666666666667,1.0
erdos,hf-gemma-4-31b,code/networkx,both,4,1200,1.0,1.0,0.0,0.03916666666666667,0,0,,0,0,,0.0,0.0,0.0,0.9608333333333333,1.0
erdos,hf-gemma-4-31b,code/networkx,both,all,1200,1.0,1.0,0.0,0.05,0,0,,0,0,,0.0,0.0,0.0,0.95,1.0
erdos,hf-gemma-4-31b,code/networkx,relabel@matched,2,1200,1.0,1.0,0.0,0.034166666666666665,0,0,,0,0,,0.0,0.0,0.0,0.9658333333333333,1.0
erdos,hf-gemma-4-31b,code/networkx,order@matched,2,1200,1.0,1.0,0.0,0.018333333333333333,0,0,,0,0,,0.0,0.0,0.0,0.9816666666666667,1.0
erdos,hf-gemma-4-31b,code/networkx,relabel@matched,3,1191,1.0,1.0,0.0,0.04534005037783375,0,0,,0,0,,0.0,0.0,0.0,0.9546599496221663,1.0
erdos,hf-gemma-4-31b,code/networkx,order@matched,3,1191,1.0,1.0,0.0,0.038623005877413935,0,0,,0,0,,0.0,0.0,0.0,0.961376994122586,1.0
erdos,hf-gemma-4-31b,code/networkx,relabel@matched,4,1133,1.0,1.0,0.0,0.04854368932038835,0,0,,0,0,,0.0,0.0,0.0,0.9514563106796117,1.0
erdos,hf-gemma-4-31b,code/networkx,order@matched,4,1133,1.0,1.0,0.0,0.03971756398940865,0,0,,0,0,,0.0,0.0,0.0,0.9602824360105914,1.0
erdos,hf-gemma-4-31b,direct,relabel,2,1200,0.9866666666666667,0.9875,0.0008333333333333334,0.06,16,15,0.9375,15,14,0.9333333333333333,0.20833333333333334,0.0008865248226950354,0.20833333333333334,0.94,0.999113475177305
erdos,hf-gemma-4-31b,direct,relabel,3,1200,0.9866666666666667,0.9941666666666666,0.0075,0.0775,16,15,0.9375,15,14,0.9333333333333333,0.16129032258064516,0.0009033423667570009,0.16129032258064516,0.9225,0.999096657633243
erdos,hf-gemma-4-31b,direct,relabel,4,1200,0.9866666666666667,0.995,0.008333333333333333,0.08833333333333333,16,16,1.0,15,15,1.0,0.1509433962264151,0.0,0.1509433962264151,0.9116666666666666,1.0
erdos,hf-gemma-4-31b,direct,relabel,all,1200,0.9866666666666667,0.995,0.008333333333333333,0.08833333333333333,16,16,1.0,15,15,1.0,0.1509433962264151,0.0,0.1509433962264151,0.9116666666666666,1.0
erdos,hf-gemma-4-31b,direct,order,2,1200,0.9866666666666667,0.9866666666666667,0.0,0.035833333333333335,16,10,0.625,15,9,0.6,0.23255813953488372,0.005185825410544511,0.23255813953488372,0.9641666666666666,0.9948141745894555
erdos,hf-gemma-4-31b,direct,order,3,1200,0.9866666666666667,0.9883333333333333,0.0016666666666666668,0.06,16,13,0.8125,15,12,0.8,0.18055555555555555,0.0026595744680851063,0.18055555555555555,0.94,0.9973404255319149
erdos,hf-gemma-4-31b,direct,order,4,1200,0.9866666666666667,0.99,0.0033333333333333335,0.06833333333333333,16,14,0.875,15,13,0.8666666666666667,0.17073170731707318,0.0017889087656529517,0.17073170731707318,0.9316666666666666,0.998211091234347
erdos,hf-gemma-4-31b,direct,order,all,1200,0.9866666666666667,0.99,0.0033333333333333335,0.06833333333333333,16,14,0.875,15,13,0.8666666666666667,0.17073170731707318,0.0017889087656529517,0.17073170731707318,0.9316666666666666,0.998211091234347
erdos,hf-gemma-4-31b,direct,both,2,1200,0.9866666666666667,0.9866666666666667,0.0,0.035833333333333335,16,10,0.625,15,9,0.6,0.23255813953488372,0.005185825410544511,0.23255813953488372,0.9641666666666666,0.9948141745894555
erdos,hf-gemma-4-31b,direct,both,3,1200,0.9866666666666667,0.9883333333333333,0.0016666666666666668,0.06,16,13,0.8125,15,12,0.8,0.18055555555555555,0.0026595744680851063,0.18055555555555555,0.94,0.9973404255319149
erdos,hf-gemma-4-31b,direct,both,4,1200,0.9866666666666667,0.99,0.0033333333333333335,0.06833333333333333,16,14,0.875,15,13,0.8666666666666667,0.17073170731707318,0.0017889087656529517,0.17073170731707318,0.9316666666666666,0.998211091234347
erdos,hf-gemma-4-31b,direct,both,all,1200,0.9866666666666667,0.9925,0.005833333333333334,0.1,16,16,1.0,15,15,1.0,0.13333333333333333,0.0,0.13333333333333333,0.9,1.0
erdos,hf-gemma-4-31b,direct,relabel@matched,2,1200,0.9866666666666667,0.9875,0.0008333333333333334,0.06,16,15,0.9375,15,14,0.9333333333333333,0.20833333333333334,0.0008865248226950354,0.20833333333333334,0.94,0.999113475177305
erdos,hf-gemma-4-31b,direct,order@matched,2,1200,0.9866666666666667,0.9866666666666667,0.0,0.035833333333333335,16,10,0.625,15,9,0.6,0.23255813953488372,0.005185825410544511,0.23255813953488372,0.9641666666666666,0.9948141745894555
erdos,hf-gemma-4-31b,direct,relabel@matched,3,1191,0.9865659109991604,0.9941225860621327,0.007556675062972292,0.07808564231738035,16,15,0.9375,15,14,0.9333333333333333,0.16129032258064516,0.0009107468123861566,0.16129032258064516,0.9219143576826196,0.9990892531876139
erdos,hf-gemma-4-31b,direct,order@matched,3,1191,0.9865659109991604,0.9882451721242653,0.0016792611251049538,0.060453400503778336,16,13,0.8125,15,12,0.8,0.18055555555555555,0.002680965147453083,0.18055555555555555,0.9395465994962217,0.9973190348525469
erdos,hf-gemma-4-31b,direct,relabel@matched,4,1133,0.9858781994704324,0.9947043248014121,0.0088261253309797,0.09179170344218888,16,16,1.0,15,15,1.0,0.15384615384615385,0.0,0.15384615384615385,0.9082082965578111,1.0
erdos,hf-gemma-4-31b,direct,order@matched,4,1133,0.9858781994704324,0.9894086496028244,0.00353045013239188,0.0706090026478376,16,14,0.875,15,13,0.8666666666666667,0.175,0.001899335232668566,0.175,0.9293909973521624,0.9981006647673314
erdos,hf-gemma-4-31b,graph_as_code/native,relabel,2,1200,0.9325,0.9325,0.0,0.04,81,5,0.06172839506172839,81,5,0.06172839506172839,0.10416666666666667,0.06597222222222222,0.10416666666666667,0.96,0.9340277777777778
erdos,hf-gemma-4-31b,graph_as_code/native,relabel,3,1200,0.9325,0.935,0.0025,0.05416666666666667,81,7,0.08641975308641975,81,7,0.08641975308641975,0.1076923076923077,0.06519823788546256,0.1076923076923077,0.9458333333333333,0.9348017621145375
erdos,hf-gemma-4-31b,graph_as_code/native,relabel,4,1200,0.9325,0.9341666666666667,0.0016666666666666668,0.06166666666666667,81,8,0.09876543209876543,81,8,0.09876543209876543,0.10810810810810811,0.06483126110124333,0.10810810810810811,0.9383333333333334,0.9351687388987566
erdos,hf-gemma-4-31b,graph_as_code/native,relabel,all,1200,0.9325,0.9341666666666667,0.0016666666666666668,0.06166666666666667,81,8,0.09876543209876543,81,8,0.09876543209876543,0.10810810810810811,0.06483126110124333,0.10810810810810811,0.9383333333333334,0.9351687388987566
erdos,hf-gemma-4-31b,graph_as_code/native,order,2,1200,0.9325,0.9325,0.0,0.025833333333333333,81,0,0.0,81,0,0.0,0.0,0.06928999144568007,0.0,0.9741666666666666,0.93071000855432
erdos,hf-gemma-4-31b,graph_as_code/native,order,3,1200,0.9325,0.9325,0.0,0.04083333333333333,81,0,0.0,81,0,0.0,0.0,0.07037358818418767,0.0,0.9591666666666666,0.9296264118158123
erdos,hf-gemma-4-31b,graph_as_code/native,order,4,1200,0.9325,0.9325,0.0,0.041666666666666664,81,0,0.0,81,0,0.0,0.0,0.07043478260869565,0.0,0.9583333333333334,0.9295652173913044
erdos,hf-gemma-4-31b,graph_as_code/native,order,all,1200,0.9325,0.9325,0.0,0.041666666666666664,81,0,0.0,81,0,0.0,0.0,0.07043478260869565,0.0,0.9583333333333334,0.9295652173913044
erdos,hf-gemma-4-31b,graph_as_code/native,both,2,1200,0.9325,0.9325,0.0,0.025833333333333333,81,0,0.0,81,0,0.0,0.0,0.06928999144568007,0.0,0.9741666666666666,0.93071000855432
erdos,hf-gemma-4-31b,graph_as_code/native,both,3,1200,0.9325,0.9325,0.0,0.04083333333333333,81,0,0.0,81,0,0.0,0.0,0.07037358818418767,0.0,0.9591666666666666,0.9296264118158123
erdos,hf-gemma-4-31b,graph_as_code/native,both,4,1200,0.9325,0.9325,0.0,0.0425,81,1,0.012345679012345678,81,1,0.012345679012345678,0.0196078431372549,0.06962576153176675,0.0196078431372549,0.9575,0.9303742384682332
erdos,hf-gemma-4-31b,graph_as_code/native,both,all,1200,0.9325,0.9325,0.0,0.06333333333333334,81,8,0.09876543209876543,81,8,0.09876543209876543,0.10526315789473684,0.06494661921708185,0.10526315789473684,0.9366666666666666,0.9350533807829181
erdos,hf-gemma-4-31b,graph_as_code/native,relabel@matched,2,1200,0.9325,0.9325,0.0,0.04,81,5,0.06172839506172839,81,5,0.06172839506172839,0.10416666666666667,0.06597222222222222,0.10416666666666667,0.96,0.9340277777777778
erdos,hf-gemma-4-31b,graph_as_code/native,order@matched,2,1200,0.9325,0.9325,0.0,0.025833333333333333,81,0,0.0,81,0,0.0,0.0,0.06928999144568007,0.0,0.9741666666666666,0.93071000855432
erdos,hf-gemma-4-31b,graph_as_code/native,relabel@matched,3,1191,0.9319899244332494,0.9345088161209067,0.0025188916876574307,0.054575986565911,81,7,0.08641975308641975,81,7,0.08641975308641975,0.1076923076923077,0.06571936056838366,0.1076923076923077,0.945424013434089,0.9342806394316163
erdos,hf-gemma-4-31b,graph_as_code/native,order@matched,3,1191,0.9319899244332494,0.9319899244332494,0.0,0.04114189756507137,81,0,0.0,81,0,0.0,0.0,0.07092819614711034,0.0,0.9588581024349286,0.9290718038528897
erdos,hf-gemma-4-31b,graph_as_code/native,relabel@matched,4,1133,0.9355692850838482,0.9364518976169461,0.00088261253309797,0.06090026478375993,73,6,0.0821917808219178,73,6,0.0821917808219178,0.08695652173913043,0.06296992481203008,0.08695652173913043,0.93909973521624,0.9370300751879699
erdos,hf-gemma-4-31b,graph_as_code/native,order@matched,4,1133,0.9355692850838482,0.9355692850838482,0.0,0.04148278905560459,73,0,0.0,73,0,0.0,0.0,0.06721915285451197,0.0,0.9585172109443955,0.932780847145488
erdos,hf-gemma-4-31b,graph_as_code/networkx,relabel,2,1200,0.925,0.925,0.0,0.045,90,9,0.1,90,9,0.1,0.16666666666666666,0.07068062827225131,0.16666666666666666,0.955,0.9293193717277487
erdos,hf-gemma-4-31b,graph_as_code/networkx,relabel,3,1200,0.925,0.9233333333333333,-0.0016666666666666668,0.056666666666666664,90,11,0.12222222222222222,90,11,0.12222222222222222,0.16176470588235295,0.06978798586572438,0.16176470588235295,0.9433333333333334,0.9302120141342756
erdos,hf-gemma-4-31b,graph_as_code/networkx,relabel,4,1200,0.925,0.9241666666666667,-0.0008333333333333334,0.0625,90,14,0.15555555555555556,90,14,0.15555555555555556,0.18666666666666668,0.06755555555555555,0.18666666666666668,0.9375,0.9324444444444444
erdos,hf-gemma-4-31b,graph_as_code/networkx,relabel,all,1200,0.925,0.9241666666666667,-0.0008333333333333334,0.0625,90,14,0.15555555555555556,90,14,0.15555555555555556,0.18666666666666668,0.06755555555555555,0.18666666666666668,0.9375,0.9324444444444444
erdos,hf-gemma-4-31b,graph_as_code/networkx,order,2,1200,0.925,0.925,0.0,0.018333333333333333,90,0,0.0,90,0,0.0,0.0,0.07640067911714771,0.0,0.9816666666666667,0.9235993208828522
erdos,hf-gemma-4-31b,graph_as_code/networkx,order,3,1200,0.925,0.925,0.0,0.03833333333333333,90,0,0.0,90,0,0.0,0.0,0.0779896013864818,0.0,0.9616666666666667,0.9220103986135182
erdos,hf-gemma-4-31b,graph_as_code/networkx,order,4,1200,0.925,0.925,0.0,0.03916666666666667,90,0,0.0,90,0,0.0,0.0,0.07805724197745013,0.0,0.9608333333333333,0.9219427580225499
erdos,hf-gemma-4-31b,graph_as_code/networkx,order,all,1200,0.925,0.925,0.0,0.03916666666666667,90,0,0.0,90,0,0.0,0.0,0.07805724197745013,0.0,0.9608333333333333,0.9219427580225499
erdos,hf-gemma-4-31b,graph_as_code/networkx,both,2,1200,0.925,0.925,0.0,0.018333333333333333,90,0,0.0,90,0,0.0,0.0,0.07640067911714771,0.0,0.9816666666666667,0.9235993208828522
erdos,hf-gemma-4-31b,graph_as_code/networkx,both,3,1200,0.925,0.925,0.0,0.03833333333333333,90,0,0.0,90,0,0.0,0.0,0.0779896013864818,0.0,0.9616666666666667,0.9220103986135182
erdos,hf-gemma-4-31b,graph_as_code/networkx,both,4,1200,0.925,0.925,0.0,0.03916666666666667,90,0,0.0,90,0,0.0,0.0,0.07805724197745013,0.0,0.9608333333333333,0.9219427580225499
erdos,hf-gemma-4-31b,graph_as_code/networkx,both,all,1200,0.925,0.925,0.0,0.06416666666666666,90,14,0.15555555555555556,90,14,0.15555555555555556,0.18181818181818182,0.06767586821015138,0.18181818181818182,0.9358333333333333,0.9323241317898486
erdos,hf-gemma-4-31b,graph_as_code/networkx,relabel@matched,2,1200,0.925,0.925,0.0,0.045,90,9,0.1,90,9,0.1,0.16666666666666666,0.07068062827225131,0.16666666666666666,0.955,0.9293193717277487
erdos,hf-gemma-4-31b,graph_as_code/networkx,order@matched,2,1200,0.925,0.925,0.0,0.018333333333333333,90,0,0.0,90,0,0.0,0.0,0.07640067911714771,0.0,0.9816666666666667,0.9235993208828522
erdos,hf-gemma-4-31b,graph_as_code/networkx,relabel@matched,3,1191,0.924433249370277,0.9227539882451721,-0.0016792611251049538,0.05709487825356843,90,11,0.12222222222222222,90,11,0.12222222222222222,0.16176470588235295,0.07034728406055209,0.16176470588235295,0.9429051217464316,0.9296527159394479
erdos,hf-gemma-4-31b,graph_as_code/networkx,order@matched,3,1191,0.924433249370277,0.924433249370277,0.0,0.038623005877413935,90,0,0.0,90,0,0.0,0.0,0.07860262008733625,0.0,0.961376994122586,0.9213973799126638
erdos,hf-gemma-4-31b,graph_as_code/networkx,relabel@matched,4,1133,0.9285083848190644,0.9276257722859664,-0.00088261253309797,0.06266548984995587,81,13,0.16049382716049382,81,13,0.16049382716049382,0.18309859154929578,0.064030131826742,0.18309859154929578,0.9373345101500441,0.935969868173258
erdos,hf-gemma-4-31b,graph_as_code/networkx,order@matched,4,1133,0.9285083848190644,0.9285083848190644,0.0,0.03971756398940865,81,0,0.0,81,0,0.0,0.0,0.0744485294117647,0.0,0.9602824360105914,0.9255514705882353
erdos,hf-deepseek-v4-flash,code/native,relabel,2,1200,0.9808333333333333,0.9875,0.006666666666666667,0.0525,23,13,0.5652173913043478,13,3,0.23076923076923078,0.20634920634920634,0.008795074758135445,0.20634920634920634,0.9475,0.9912049252418645
erdos,hf-deepseek-v4-flash,code/native,relabel,3,1200,0.9808333333333333,0.9883333333333333,0.0075,0.0675,23,14,0.6086956521739131,13,4,0.3076923076923077,0.1728395061728395,0.00804289544235925,0.1728395061728395,0.9325,0.9919571045576407
erdos,hf-deepseek-v4-flash,code/native,relabel,4,1200,0.9808333333333333,0.9891666666666666,0.008333333333333333,0.0775,23,14,0.6086956521739131,13,4,0.3076923076923077,0.15053763440860216,0.008130081300813009,0.15053763440860216,0.9225,0.991869918699187
erdos,hf-deepseek-v4-flash,code/native,relabel,all,1200,0.9808333333333333,0.9891666666666666,0.008333333333333333,0.0775,23,14,0.6086956521739131,13,4,0.3076923076923077,0.15053763440860216,0.008130081300813009,0.15053763440860216,0.9225,0.991869918699187
erdos,hf-deepseek-v4-flash,code/native,order,2,1200,0.9808333333333333,0.9883333333333333,0.0075,0.04833333333333333,23,13,0.5652173913043478,13,3,0.23076923076923078,0.22413793103448276,0.008756567425569177,0.22413793103448276,0.9516666666666667,0.9912434325744308
erdos,hf-deepseek-v4-flash,code/native,order,3,1200,0.9808333333333333,0.9883333333333333,0.0075,0.0725,23,17,0.7391304347826086,13,7,0.5384615384615384,0.19540229885057472,0.005390835579514825,0.19540229885057472,0.9275,0.9946091644204852
erdos,hf-deepseek-v4-flash,code/native,order,4,1200,0.9808333333333333,0.99,0.009166666666666667,0.0775,23,17,0.7391304347826086,13,7,0.5384615384615384,0.1827956989247312,0.005420054200542005,0.1827956989247312,0.9225,0.994579945799458
erdos,hf-deepseek-v4-flash,code/native,order,all,1200,0.9808333333333333,0.99,0.009166666666666667,0.0775,23,17,0.7391304347826086,13,7,0.5384615384615384,0.1827956989247312,0.005420054200542005,0.1827956989247312,0.9225,0.994579945799458
erdos,hf-deepseek-v4-flash,code/native,both,2,1200,0.9808333333333333,0.9883333333333333,0.0075,0.04833333333333333,23,13,0.5652173913043478,13,3,0.23076923076923078,0.22413793103448276,0.008756567425569177,0.22413793103448276,0.9516666666666667,0.9912434325744308
erdos,hf-deepseek-v4-flash,code/native,both,3,1200,0.9808333333333333,0.9883333333333333,0.0075,0.0725,23,17,0.7391304347826086,13,7,0.5384615384615384,0.19540229885057472,0.005390835579514825,0.19540229885057472,0.9275,0.9946091644204852
erdos,hf-deepseek-v4-flash,code/native,both,4,1200,0.9808333333333333,0.99,0.009166666666666667,0.0775,23,17,0.7391304347826086,13,7,0.5384615384615384,0.1827956989247312,0.005420054200542005,0.1827956989247312,0.9225,0.994579945799458
erdos,hf-deepseek-v4-flash,code/native,both,all,1200,0.9808333333333333,0.9891666666666666,0.008333333333333333,0.095,23,17,0.7391304347826086,13,7,0.5384615384615384,0.14912280701754385,0.0055248618784530384,0.14912280701754385,0.905,0.994475138121547
erdos,hf-deepseek-v4-flash,code/native,relabel@matched,2,1200,0.9808333333333333,0.9875,0.006666666666666667,0.0525,23,13,0.5652173913043478,13,3,0.23076923076923078,0.20634920634920634,0.008795074758135445,0.20634920634920634,0.9475,0.9912049252418645
erdos,hf-deepseek-v4-flash,code/native,order@matched,2,1200,0.9808333333333333,0.9883333333333333,0.0075,0.04833333333333333,23,13,0.5652173913043478,13,3,0.23076923076923078,0.22413793103448276,0.008756567425569177,0.22413793103448276,0.9516666666666667,0.9912434325744308
erdos,hf-deepseek-v4-flash,code/native,relabel@matched,3,1191,0.980688497061293,0.9882451721242653,0.007556675062972292,0.06801007556675064,23,14,0.6086956521739131,13,4,0.3076923076923077,0.1728395061728395,0.008108108108108109,0.1728395061728395,0.9319899244332494,0.9918918918918919
erdos,hf-deepseek-v4-flash,code/native,order@matched,3,1191,0.980688497061293,0.9882451721242653,0.007556675062972292,0.07304785894206549,23,17,0.7391304347826086,13,7,0.5384615384615384,0.19540229885057472,0.005434782608695652,0.19540229885057472,0.9269521410579346,0.9945652173913043
erdos,hf-deepseek-v4-flash,code/native,relabel@matched,4,1133,0.9796999117387467,0.9885260370697264,0.0088261253309797,0.0794351279788173,23,14,0.6086956521739131,13,4,0.3076923076923077,0.15555555555555556,0.00862895493767977,0.15555555555555556,0.9205648720211828,0.9913710450623202
erdos,hf-deepseek-v4-flash,code/native,order@matched,4,1133,0.9796999117387467,0.9894086496028244,0.009708737864077669,0.07855251544571933,23,17,0.7391304347826086,13,7,0.5384615384615384,0.19101123595505617,0.005747126436781609,0.19101123595505617,0.9214474845542807,0.9942528735632183
erdos,hf-deepseek-v4-flash,code/networkx,relabel,2,1200,0.9925,0.9925,0.0,0.035833333333333335,9,1,0.1111111111111111,9,1,0.1111111111111111,0.023255813953488372,0.006914433880726016,0.023255813953488372,0.9641666666666666,0.993085566119274
erdos,hf-deepseek-v4-flash,code/networkx,relabel,3,1200,0.9925,0.9916666666666667,-0.0008333333333333334,0.0475,9,3,0.3333333333333333,9,3,0.3333333333333333,0.05263157894736842,0.005249343832020997,0.05263157894736842,0.9525,0.994750656167979
erdos,hf-deepseek-v4-flash,code/networkx,relabel,4,1200,0.9925,0.9916666666666667,-0.0008333333333333334,0.0525,9,5,0.5555555555555556,9,5,0.5555555555555556,0.07936507936507936,0.003518029903254178,0.07936507936507936,0.9475,0.9964819700967458
erdos,hf-deepseek-v4-flash,code/networkx,relabel,all,1200,0.9925,0.9916666666666667,-0.0008333333333333334,0.0525,9,5,0.5555555555555556,9,5,0.5555555555555556,0.07936507936507936,0.003518029903254178,0.07936507936507936,0.9475,0.9964819700967458
erdos,hf-deepseek-v4-flash,code/networkx,order,2,1200,0.9925,0.9925,0.0,0.021666666666666667,9,2,0.2222222222222222,9,2,0.2222222222222222,0.07692307692307693,0.00596252129471891,0.07692307692307693,0.9783333333333334,0.9940374787052811
erdos,hf-deepseek-v4-flash,code/networkx,order,3,1200,0.9925,0.9916666666666667,-0.0008333333333333334,0.04416666666666667,9,5,0.5555555555555556,9,5,0.5555555555555556,0.09433962264150944,0.0034873583260680036,0.09433962264150944,0.9558333333333333,0.9965126416739319
erdos,hf-deepseek-v4-flash,code/networkx,order,4,1200,0.9925,0.9916666666666667,-0.0008333333333333334,0.045,9,5,0.5555555555555556,9,5,0.5555555555555556,0.09259259259259259,0.0034904013961605585,0.09259259259259259,0.955,0.9965095986038395
erdos,hf-deepseek-v4-flash,code/networkx,order,all,1200,0.9925,0.9916666666666667,-0.0008333333333333334,0.045,9,5,0.5555555555555556,9,5,0.5555555555555556,0.09259259259259259,0.0034904013961605585,0.09259259259259259,0.955,0.9965095986038395
erdos,hf-deepseek-v4-flash,code/networkx,both,2,1200,0.9925,0.9925,0.0,0.021666666666666667,9,2,0.2222222222222222,9,2,0.2222222222222222,0.07692307692307693,0.00596252129471891,0.07692307692307693,0.9783333333333334,0.9940374787052811
erdos,hf-deepseek-v4-flash,code/networkx,both,3,1200,0.9925,0.9916666666666667,-0.0008333333333333334,0.04416666666666667,9,5,0.5555555555555556,9,5,0.5555555555555556,0.09433962264150944,0.0034873583260680036,0.09433962264150944,0.9558333333333333,0.9965126416739319
erdos,hf-deepseek-v4-flash,code/networkx,both,4,1200,0.9925,0.9916666666666667,-0.0008333333333333334,0.045,9,5,0.5555555555555556,9,5,0.5555555555555556,0.09259259259259259,0.0034904013961605585,0.09259259259259259,0.955,0.9965095986038395
erdos,hf-deepseek-v4-flash,code/networkx,both,all,1200,0.9925,0.9933333333333333,0.0008333333333333334,0.055,9,6,0.6666666666666666,9,6,0.6666666666666666,0.09090909090909091,0.0026455026455026454,0.09090909090909091,0.945,0.9973544973544973
erdos,hf-deepseek-v4-flash,code/networkx,relabel@matched,2,1200,0.9925,0.9925,0.0,0.035833333333333335,9,1,0.1111111111111111,9,1,0.1111111111111111,0.023255813953488372,0.006914433880726016,0.023255813953488372,0.9641666666666666,0.993085566119274
erdos,hf-deepseek-v4-flash,code/networkx,order@matched,2,1200,0.9925,0.9925,0.0,0.021666666666666667,9,2,0.2222222222222222,9,2,0.2222222222222222,0.07692307692307693,0.00596252129471891,0.07692307692307693,0.9783333333333334,0.9940374787052811
erdos,hf-deepseek-v4-flash,code/networkx,relabel@matched,3,1191,0.9924433249370277,0.9916036943744753,-0.0008396305625524769,0.04785894206549118,9,3,0.3333333333333333,9,3,0.3333333333333333,0.05263157894736842,0.005291005291005291,0.05263157894736842,0.9521410579345088,0.9947089947089947
erdos,hf-deepseek-v4-flash,code/networkx,order@matched,3,1191,0.9924433249370277,0.9916036943744753,-0.0008396305625524769,0.04450041981528128,9,5,0.5555555555555556,9,5,0.5555555555555556,0.09433962264150944,0.0035149384885764497,0.09433962264150944,0.9554995801847187,0.9964850615114236
erdos,hf-deepseek-v4-flash,code/networkx,relabel@matched,4,1133,0.9920564872021183,0.9911738746690203,-0.00088261253309797,0.0529567519858782,9,5,0.5555555555555556,9,5,0.5555555555555556,0.08333333333333333,0.003727865796831314,0.08333333333333333,0.9470432480141218,0.9962721342031687
erdos,hf-deepseek-v4-flash,code/networkx,order@matched,4,1133,0.9920564872021183,0.9911738746690203,-0.00088261253309797,0.04589585172109444,9,5,0.5555555555555556,9,5,0.5555555555555556,0.09615384615384616,0.0037002775208140612,0.09615384615384616,0.9541041482789056,0.996299722479186
erdos,hf-deepseek-v4-flash,direct,relabel,2,1200,0.915,0.9158333333333334,0.0008333333333333334,0.17333333333333334,102,86,0.8431372549019608,99,83,0.8383838383838383,0.41346153846153844,0.016129032258064516,0.41346153846153844,0.8266666666666667,0.9838709677419355
erdos,hf-deepseek-v4-flash,direct,relabel,3,1200,0.915,0.9233333333333333,0.008333333333333333,0.2275,102,95,0.9313725490196079,99,92,0.9292929292929293,0.34798534798534797,0.007551240560949299,0.34798534798534797,0.7725,0.9924487594390508
erdos,hf-deepseek-v4-flash,direct,relabel,4,1200,0.915,0.9308333333333333,0.015833333333333335,0.26,102,96,0.9411764705882353,99,93,0.9393939393939394,0.3076923076923077,0.006756756756756757,0.3076923076923077,0.74,0.9932432432432432
erdos,hf-deepseek-v4-flash,direct,relabel,all,1200,0.915,0.9308333333333333,0.015833333333333335,0.26,102,96,0.9411764705882353,99,93,0.9393939393939394,0.3076923076923077,0.006756756756756757,0.3076923076923077,0.74,0.9932432432432432
erdos,hf-deepseek-v4-flash,direct,order,2,1200,0.915,0.915,0.0,0.14083333333333334,102,86,0.8431372549019608,99,83,0.8383838383838383,0.5088757396449705,0.015518913676042677,0.5088757396449705,0.8591666666666666,0.9844810863239574
erdos,hf-deepseek-v4-flash,direct,order,3,1200,0.915,0.9333333333333333,0.018333333333333333,0.1925,102,95,0.9313725490196079,99,92,0.9292929292929293,0.41125541125541126,0.007223942208462332,0.41125541125541126,0.8075,0.9927760577915377
erdos,hf-deepseek-v4-flash,direct,order,4,1200,0.915,0.9375,0.0225,0.2175,102,95,0.9313725490196079,99,92,0.9292929292929293,0.36398467432950193,0.007454739084132056,0.36398467432950193,0.7825,0.9925452609158679
erdos,hf-deepseek-v4-flash,direct,order,all,1200,0.915,0.9375,0.0225,0.2175,102,95,0.9313725490196079,99,92,0.9292929292929293,0.36398467432950193,0.007454739084132056,0.36398467432950193,0.7825,0.9925452609158679
erdos,hf-deepseek-v4-flash,direct,both,2,1200,0.915,0.915,0.0,0.14083333333333334,102,86,0.8431372549019608,99,83,0.8383838383838383,0.5088757396449705,0.015518913676042677,0.5088757396449705,0.8591666666666666,0.9844810863239574
erdos,hf-deepseek-v4-flash,direct,both,3,1200,0.915,0.9333333333333333,0.018333333333333333,0.1925,102,95,0.9313725490196079,99,92,0.9292929292929293,0.41125541125541126,0.007223942208462332,0.41125541125541126,0.8075,0.9927760577915377
erdos,hf-deepseek-v4-flash,direct,both,4,1200,0.915,0.9375,0.0225,0.2175,102,95,0.9313725490196079,99,92,0.9292929292929293,0.36398467432950193,0.007454739084132056,0.36398467432950193,0.7825,0.9925452609158679
erdos,hf-deepseek-v4-flash,direct,both,all,1200,0.915,0.94,0.025,0.3025,102,98,0.9607843137254902,99,95,0.9595959595959596,0.2699724517906336,0.0047789725209080045,0.2699724517906336,0.6975,0.995221027479092
erdos,hf-deepseek-v4-flash,direct,relabel@matched,2,1200,0.915,0.9158333333333334,0.0008333333333333334,0.17333333333333334,102,86,0.8431372549019608,99,83,0.8383838383838383,0.41346153846153844,0.016129032258064516,0.41346153846153844,0.8266666666666667,0.9838709677419355
erdos,hf-deepseek-v4-flash,direct,order@matched,2,1200,0.915,0.915,0.0,0.14083333333333334,102,86,0.8431372549019608,99,83,0.8383838383838383,0.5088757396449705,0.015518913676042677,0.5088757396449705,0.8591666666666666,0.9844810863239574
erdos,hf-deepseek-v4-flash,direct,relabel@matched,3,1191,0.9143576826196473,0.9227539882451721,0.008396305625524769,0.22921914357682618,102,95,0.9313725490196079,99,92,0.9292929292929293,0.34798534798534797,0.007625272331154684,0.34798534798534797,0.7707808564231738,0.9923747276688453
erdos,hf-deepseek-v4-flash,direct,order@matched,3,1191,0.9143576826196473,0.9328295549958019,0.018471872376154493,0.19395465994962216,102,95,0.9313725490196079,99,92,0.9292929292929293,0.41125541125541126,0.007291666666666667,0.41125541125541126,0.8060453400503779,0.9927083333333333
erdos,hf-deepseek-v4-flash,direct,relabel@matched,4,1133,0.909973521624007,0.9267431597528685,0.01676963812886143,0.2727272727272727,102,96,0.9411764705882353,99,93,0.9393939393939394,0.3106796116504854,0.007281553398058253,0.3106796116504854,0.7272727272727273,0.9927184466019418
erdos,hf-deepseek-v4-flash,direct,order@matched,4,1133,0.909973521624007,0.9338040600176523,0.02383053839364519,0.22859664607237423,102,95,0.9313725490196079,99,92,0.9292929292929293,0.3667953667953668,0.008009153318077803,0.3667953667953668,0.7714033539276258,0.9919908466819222
erdos,hf-deepseek-v4-flash,graph_as_code/native,relabel,2,1200,0.9325,0.9325,0.0,0.03333333333333333,81,0,0.0,81,0,0.0,0.0,0.06982758620689655,0.0,0.9666666666666667,0.9301724137931034
erdos,hf-deepseek-v4-flash,graph_as_code/native,relabel,3,1200,0.9325,0.9325,0.0,0.0425,81,0,0.0,81,0,0.0,0.0,0.07049608355091384,0.0,0.9575,0.9295039164490861
erdos,hf-deepseek-v4-flash,graph_as_code/native,relabel,4,1200,0.9325,0.9325,0.0,0.04583333333333333,81,0,0.0,81,0,0.0,0.0,0.07074235807860262,0.0,0.9541666666666667,0.9292576419213974
erdos,hf-deepseek-v4-flash,graph_as_code/native,relabel,all,1200,0.9325,0.9325,0.0,0.04583333333333333,81,0,0.0,81,0,0.0,0.0,0.07074235807860262,0.0,0.9541666666666667,0.9292576419213974
erdos,hf-deepseek-v4-flash,graph_as_code/native,order,2,1200,0.9325,0.9325,0.0,0.025833333333333333,81,0,0.0,81,0,0.0,0.0,0.06928999144568007,0.0,0.9741666666666666,0.93071000855432
erdos,hf-deepseek-v4-flash,graph_as_code/native,order,3,1200,0.9325,0.9325,0.0,0.04083333333333333,81,0,0.0,81,0,0.0,0.0,0.07037358818418767,0.0,0.9591666666666666,0.9296264118158123
erdos,hf-deepseek-v4-flash,graph_as_code/native,order,4,1200,0.9325,0.9325,0.0,0.041666666666666664,81,0,0.0,81,0,0.0,0.0,0.07043478260869565,0.0,0.9583333333333334,0.9295652173913044
erdos,hf-deepseek-v4-flash,graph_as_code/native,order,all,1200,0.9325,0.9325,0.0,0.041666666666666664,81,0,0.0,81,0,0.0,0.0,0.07043478260869565,0.0,0.9583333333333334,0.9295652173913044
erdos,hf-deepseek-v4-flash,graph_as_code/native,both,2,1200,0.9325,0.9325,0.0,0.025833333333333333,81,0,0.0,81,0,0.0,0.0,0.06928999144568007,0.0,0.9741666666666666,0.93071000855432
erdos,hf-deepseek-v4-flash,graph_as_code/native,both,3,1200,0.9325,0.9325,0.0,0.04083333333333333,81,0,0.0,81,0,0.0,0.0,0.07037358818418767,0.0,0.9591666666666666,0.9296264118158123
erdos,hf-deepseek-v4-flash,graph_as_code/native,both,4,1200,0.9325,0.9325,0.0,0.041666666666666664,81,0,0.0,81,0,0.0,0.0,0.07043478260869565,0.0,0.9583333333333334,0.9295652173913044
erdos,hf-deepseek-v4-flash,graph_as_code/native,both,all,1200,0.9325,0.9325,0.0,0.0475,81,0,0.0,81,0,0.0,0.0,0.07086614173228346,0.0,0.9525,0.9291338582677166
erdos,hf-deepseek-v4-flash,graph_as_code/native,relabel@matched,2,1200,0.9325,0.9325,0.0,0.03333333333333333,81,0,0.0,81,0,0.0,0.0,0.06982758620689655,0.0,0.9666666666666667,0.9301724137931034
erdos,hf-deepseek-v4-flash,graph_as_code/native,order@matched,2,1200,0.9325,0.9325,0.0,0.025833333333333333,81,0,0.0,81,0,0.0,0.0,0.06928999144568007,0.0,0.9741666666666666,0.93071000855432
erdos,hf-deepseek-v4-flash,graph_as_code/native,relabel@matched,3,1191,0.9319899244332494,0.9319899244332494,0.0,0.042821158690176324,81,0,0.0,81,0,0.0,0.0,0.07105263157894737,0.0,0.9571788413098237,0.9289473684210526
erdos,hf-deepseek-v4-flash,graph_as_code/native,order@matched,3,1191,0.9319899244332494,0.9319899244332494,0.0,0.04114189756507137,81,0,0.0,81,0,0.0,0.0,0.07092819614711034,0.0,0.9588581024349286,0.9290718038528897
erdos,hf-deepseek-v4-flash,graph_as_code/native,relabel@matched,4,1133,0.9338040600176523,0.9338040600176523,0.0,0.04589585172109444,75,0,0.0,75,0,0.0,0.0,0.06938020351526364,0.0,0.9541041482789056,0.9306197964847364
erdos,hf-deepseek-v4-flash,graph_as_code/native,order@matched,4,1133,0.9338040600176523,0.9338040600176523,0.0,0.04148278905560459,75,0,0.0,75,0,0.0,0.0,0.06906077348066299,0.0,0.9585172109443955,0.930939226519337
erdos,hf-deepseek-v4-flash,graph_as_code/networkx,relabel,2,1200,0.9375,0.9383333333333334,0.0008333333333333334,0.0375,75,3,0.04,74,2,0.02702702702702703,0.06666666666666667,0.06233766233766234,0.06666666666666667,0.9625,0.9376623376623376
erdos,hf-deepseek-v4-flash,graph_as_code/networkx,relabel,3,1200,0.9375,0.9383333333333334,0.0008333333333333334,0.04833333333333333,75,3,0.04,74,2,0.02702702702702703,0.05172413793103448,0.06304728546409807,0.05172413793103448,0.9516666666666667,0.9369527145359019
erdos,hf-deepseek-v4-flash,graph_as_code/networkx,relabel,4,1200,0.9375,0.9383333333333334,0.0008333333333333334,0.050833333333333335,75,3,0.04,74,2,0.02702702702702703,0.04918032786885246,0.06321334503950835,0.04918032786885246,0.9491666666666667,0.9367866549604916
erdos,hf-deepseek-v4-flash,graph_as_code/networkx,relabel,all,1200,0.9375,0.9383333333333334,0.0008333333333333334,0.050833333333333335,75,3,0.04,74,2,0.02702702702702703,0.04918032786885246,0.06321334503950835,0.04918032786885246,0.9491666666666667,0.9367866549604916
erdos,hf-deepseek-v4-flash,graph_as_code/networkx,order,2,1200,0.9375,0.9375,0.0,0.019166666666666665,75,1,0.013333333333333334,74,0,0.0,0.043478260869565216,0.06287170773152082,0.043478260869565216,0.9808333333333333,0.9371282922684792
erdos,hf-deepseek-v4-flash,graph_as_code/networkx,order,3,1200,0.9375,0.9375,0.0,0.03916666666666667,75,1,0.013333333333333334,74,0,0.0,0.02127659574468085,0.06418039895923677,0.02127659574468085,0.9608333333333333,0.9358196010407632
erdos,hf-deepseek-v4-flash,graph_as_code/networkx,order,4,1200,0.9375,0.9375,0.0,0.04,75,1,0.013333333333333334,74,0,0.0,0.020833333333333332,0.0642361111111111,0.020833333333333332,0.96,0.9357638888888888
erdos,hf-deepseek-v4-flash,graph_as_code/networkx,order,all,1200,0.9375,0.9375,0.0,0.04,75,1,0.013333333333333334,74,0,0.0,0.020833333333333332,0.0642361111111111,0.020833333333333332,0.96,0.9357638888888888
erdos,hf-deepseek-v4-flash,graph_as_code/networkx,both,2,1200,0.9375,0.9375,0.0,0.019166666666666665,75,1,0.013333333333333334,74,0,0.0,0.043478260869565216,0.06287170773152082,0.043478260869565216,0.9808333333333333,0.9371282922684792
erdos,hf-deepseek-v4-flash,graph_as_code/networkx,both,3,1200,0.9375,0.9375,0.0,0.03916666666666667,75,1,0.013333333333333334,74,0,0.0,0.02127659574468085,0.06418039895923677,0.02127659574468085,0.9608333333333333,0.9358196010407632
erdos,hf-deepseek-v4-flash,graph_as_code/networkx,both,4,1200,0.9375,0.9375,0.0,0.04,75,1,0.013333333333333334,74,0,0.0,0.020833333333333332,0.0642361111111111,0.020833333333333332,0.96,0.9357638888888888
erdos,hf-deepseek-v4-flash,graph_as_code/networkx,both,all,1200,0.9375,0.9383333333333334,0.0008333333333333334,0.0525,75,3,0.04,74,2,0.02702702702702703,0.047619047619047616,0.0633245382585752,0.047619047619047616,0.9475,0.9366754617414248
erdos,hf-deepseek-v4-flash,graph_as_code/networkx,relabel@matched,2,1200,0.9375,0.9383333333333334,0.0008333333333333334,0.0375,75,3,0.04,74,2,0.02702702702702703,0.06666666666666667,0.06233766233766234,0.06666666666666667,0.9625,0.9376623376623376
erdos,hf-deepseek-v4-flash,graph_as_code/networkx,order@matched,2,1200,0.9375,0.9375,0.0,0.019166666666666665,75,1,0.013333333333333334,74,0,0.0,0.043478260869565216,0.06287170773152082,0.043478260869565216,0.9808333333333333,0.9371282922684792
erdos,hf-deepseek-v4-flash,graph_as_code/networkx,relabel@matched,3,1191,0.9370277078085643,0.9378673383711167,0.0008396305625524769,0.04869857262804366,75,3,0.04,74,2,0.02702702702702703,0.05172413793103448,0.06354810238305383,0.05172413793103448,0.9513014273719563,0.9364518976169461
erdos,hf-deepseek-v4-flash,graph_as_code/networkx,order@matched,3,1191,0.9370277078085643,0.9370277078085643,0.0,0.03946263643996641,75,1,0.013333333333333334,74,0,0.0,0.02127659574468085,0.06468531468531469,0.02127659574468085,0.9605373635600336,0.9353146853146853
erdos,hf-deepseek-v4-flash,graph_as_code/networkx,relabel@matched,4,1133,0.93909973521624,0.9399823477493381,0.00088261253309797,0.05119152691968226,69,3,0.043478260869565216,68,2,0.029411764705882353,0.05172413793103448,0.061395348837209304,0.05172413793103448,0.9488084730803178,0.9386046511627907
erdos,hf-deepseek-v4-flash,graph_as_code/networkx,order@matched,4,1133,0.93909973521624,0.93909973521624,0.0,0.04060017652250662,69,1,0.014492753623188406,68,0,0.0,0.021739130434782608,0.062557497700092,0.021739130434782608,0.9593998234774934,0.937442502299908
