dataset,mode,library,axis,model,execution,format,logic,transcription,n_failures
erdos,code,native,canonical,hf-deepseek-v3.1-novita,0.5,0.0,0.0,0.5,2
erdos,code,native,order,hf-deepseek-v3.1-novita,0.059,0.0,0.059,0.882,17
erdos,code,native,relabel,hf-deepseek-v3.1-novita,0.043,0.0,0.087,0.87,23
erdos,code,native,structure,hf-deepseek-v3.1-novita,0.0,0.089,0.833,0.078,90
erdos,code,native,syntax,hf-deepseek-v3.1-novita,0.429,0.0,0.286,0.286,7
erdos,code,networkx,canonical,hf-deepseek-v3.1-novita,0.3,0.3,0.3,0.1,10
erdos,code,networkx,order,hf-deepseek-v3.1-novita,0.105,0.395,0.132,0.368,38
erdos,code,networkx,relabel,hf-deepseek-v3.1-novita,0.058,0.404,0.25,0.288,52
erdos,code,networkx,structure,hf-deepseek-v3.1-novita,0.097,0.29,0.29,0.323,31
erdos,code,networkx,syntax,hf-deepseek-v3.1-novita,0.6,0.1,0.3,0.0,10
erdos,graph_as_code,native,canonical,hf-deepseek-v3.1-novita,0.546,0.0,0.454,0.0,183
erdos,graph_as_code,native,order,hf-deepseek-v3.1-novita,0.549,0.0,0.451,0.0,541
erdos,graph_as_code,native,relabel,hf-deepseek-v3.1-novita,0.55,0.0,0.45,0.0,727
erdos,graph_as_code,native,structure,hf-deepseek-v3.1-novita,0.546,0.0,0.454,0.0,366
erdos,graph_as_code,native,syntax,hf-deepseek-v3.1-novita,0.546,0.0,0.454,0.0,366
erdos,graph_as_code,networkx,canonical,hf-deepseek-v3.1-novita,0.0,0.0,1.0,0.0,119
erdos,graph_as_code,networkx,order,hf-deepseek-v3.1-novita,0.0,0.0,1.0,0.0,349
erdos,graph_as_code,networkx,relabel,hf-deepseek-v3.1-novita,0.008,0.0,0.992,0.0,481
erdos,graph_as_code,networkx,structure,hf-deepseek-v3.1-novita,0.0,0.0,1.0,0.0,238
erdos,graph_as_code,networkx,syntax,hf-deepseek-v3.1-novita,0.0,0.0,1.0,0.0,238
